dt,close
2011-02-28,13.819999694824219
2011-03-01,13.5
2011-03-02,13.649999618530273
2011-03-03,13.84000015258789
2011-03-04,13.680000305175781
2011-03-07,13.609999656677246
2011-03-08,13.600000381469727
2011-03-09,13.579999923706055
2011-03-10,13.369999885559082
2011-03-11,13.550000190734863
2011-03-14,13.470000267028809
2011-03-15,13.289999961853027
2011-03-16,12.970000267028809
2011-03-17,13.220000267028809
2011-03-18,13.289999961853027
2011-03-21,13.529999732971191
2011-03-22,13.520000457763672
2011-03-23,13.5600004196167
2011-03-24,13.65999984741211
2011-03-25,13.770000457763672
2011-03-28,13.680000305175781
2011-03-29,13.729999542236328
2011-03-30,13.770000457763672
2011-03-31,13.850000381469727
2011-04-01,13.890000343322754
2011-04-04,13.90999984741211
2011-04-05,13.989999771118164
2011-04-06,13.970000267028809
2011-04-07,13.989999771118164
2011-04-08,13.899999618530273
2011-04-11,13.819999694824219
2011-04-12,13.609999656677246
2011-04-13,13.359999656677246
2011-04-14,13.289999961853027
2011-04-15,13.390000343322754
2011-04-18,13.140000343322754
2011-04-19,13.270000457763672
2011-04-20,13.539999961853027
2011-04-21,13.579999923706055
2011-04-25,13.59000015258789
2011-04-26,13.699999809265137
2011-04-27,13.760000228881836
2011-04-28,13.84000015258789
2011-04-29,13.760000228881836
2011-05-02,13.90999984741211
2011-05-03,13.829999923706055
2011-05-04,13.800000190734863
2011-05-05,13.600000381469727
2011-05-06,13.550000190734863
2011-05-09,13.6899995803833
2011-05-10,13.760000228881836
2011-05-11,13.75
2011-05-12,13.829999923706055
2011-05-13,13.720000267028809
2011-05-16,13.600000381469727
2011-05-17,13.539999961853027
2011-05-18,13.59000015258789
2011-05-19,13.699999809265137
2011-05-20,13.649999618530273
2011-05-23,13.5
2011-05-24,13.579999923706055
2011-05-25,13.4399995803833
2011-05-26,13.579999923706055
2011-05-27,13.739999771118164
2011-05-31,13.84000015258789
2011-06-01,13.729999542236328
2011-06-02,13.609999656677246
2011-06-03,13.569999694824219
2011-06-06,13.430000305175781
2011-06-07,13.5
2011-06-08,13.380000114440918
2011-06-09,13.5
2011-06-10,13.260000228881836
2011-06-13,13.140000343322754
2011-06-14,13.229999542236328
2011-06-15,13.0
2011-06-16,12.869999885559082
2011-06-17,12.869999885559082
2011-06-20,12.84000015258789
2011-06-21,13.0
2011-06-22,12.979999542236328
2011-06-23,12.960000038146973
2011-06-24,12.9399995803833
2011-06-27,13.149999618530273
2011-06-28,13.329999923706055
2011-06-29,13.390000343322754
2011-06-30,13.449999809265137
2011-07-01,13.479999542236328
2011-07-05,13.449999809265137
2011-07-06,13.479999542236328
2011-07-07,13.649999618530273
2011-07-08,13.5600004196167
2011-07-11,13.350000381469727
2011-07-12,13.289999961853027
2011-07-13,13.25
2011-07-14,13.079999923706055
2011-07-15,13.140000343322754
2011-07-18,12.899999618530273
2011-07-19,13.0600004196167
2011-07-20,13.100000381469727
2011-07-21,13.300000190734863
2011-07-22,13.210000038146973
2011-07-25,13.199999809265137
2011-07-26,13.239999771118164
2011-07-27,12.979999542236328
2011-07-28,12.84000015258789
2011-07-29,12.779999732971191
2011-08-01,12.989999771118164
2011-08-02,12.760000228881836
2011-08-03,12.680000305175781
2011-08-04,11.949999809265137
2011-08-05,11.819999694824219
2011-08-08,10.9399995803833
2011-08-09,11.239999771118164
2011-08-10,11.079999923706055
2011-08-11,11.720000267028809
2011-08-12,11.760000228881836
2011-08-15,12.0
2011-08-16,11.970000267028809
2011-08-17,12.020000457763672
2011-08-18,11.539999961853027
2011-08-19,11.260000228881836
2011-08-22,11.199999809265137
2011-08-23,11.550000190734863
2011-08-24,11.65999984741211
2011-08-25,11.520000457763672
2011-08-26,11.619999885559082
2011-08-29,11.850000381469727
2011-08-30,11.920000076293945
2011-08-31,12.0
2011-09-01,11.899999618530273
2011-09-02,11.640000343322754
2011-09-06,11.59000015258789
2011-09-07,11.890000343322754
2011-09-08,11.630000114440918
2011-09-09,11.319999694824219
2011-09-12,11.489999771118164
2011-09-13,11.5
2011-09-14,11.640000343322754
2011-09-15,11.720000267028809
2011-09-16,11.649999618530273
2011-09-19,11.5600004196167
2011-09-20,11.510000228881836
2011-09-21,11.25
2011-09-22,11.0
2011-09-23,11.050000190734863
2011-09-26,11.210000038146973
2011-09-27,11.199999809265137
2011-09-28,10.979999542236328
2011-09-29,10.869999885559082
2011-09-30,10.550000190734863
2011-10-03,10.180000305175781
2011-10-04,10.25
2011-10-05,10.390000343322754
2011-10-06,10.539999961853027
2011-10-07,10.399999618530273
2011-10-10,10.65999984741211
2011-10-11,10.579999923706055
2011-10-12,10.699999809265137
2011-10-13,10.680000305175781
2011-10-14,10.869999885559082
2011-10-17,10.720000267028809
2011-10-18,10.989999771118164
2011-10-19,10.630000114440918
2011-10-20,10.800000190734863
2011-10-21,10.970000267028809
2011-10-24,11.0
2011-10-25,10.75
2011-10-26,10.819999694824219
2011-10-27,11.109999656677246
2011-10-28,11.199999809265137
2011-10-31,11.050000190734863
2011-11-01,10.850000381469727
2011-11-02,11.109999656677246
2011-11-03,11.100000381469727
2011-11-04,11.0
2011-11-07,11.039999961853027
2011-11-08,11.09000015258789
2011-11-09,10.720000267028809
2011-11-10,10.779999732971191
2011-11-11,10.819999694824219
2011-11-14,10.6899995803833
2011-11-15,10.970000267028809
2011-11-16,10.899999618530273
2011-11-17,10.670000076293945
2011-11-18,10.630000114440918
2011-11-21,10.40999984741211
2011-11-22,10.390000343322754
2011-11-23,10.260000228881836
2011-11-25,10.25
2011-11-28,10.420000076293945
2011-11-29,10.449999809265137
2011-11-30,10.699999809265137
2011-12-01,10.789999961853027
2011-12-02,10.880000114440918
2011-12-05,10.989999771118164
2011-12-06,10.880000114440918
2011-12-07,11.039999961853027
2011-12-08,10.710000038146973
2011-12-09,10.819999694824219
2011-12-12,10.640000343322754
2011-12-13,10.510000228881836
2011-12-14,10.289999961853027
2011-12-15,10.130000114440918
2011-12-16,10.149999618530273
2011-12-19,10.09000015258789
2011-12-20,10.239999771118164
2011-12-21,10.239999771118164
2011-12-22,10.350000381469727
2011-12-23,10.5
2011-12-27,10.579999923706055
2011-12-28,10.449999809265137
2011-12-29,10.550000190734863
2011-12-30,10.569999694824219
2012-01-03,10.789999961853027
2012-01-04,10.819999694824219
2012-01-05,10.899999618530273
2012-01-06,10.760000228881836
2012-01-09,10.920000076293945
2012-01-10,11.069999694824219
2012-01-11,11.100000381469727
2012-01-12,11.039999961853027
2012-01-13,10.949999809265137
2012-01-17,10.949999809265137
2012-01-18,10.739999771118164
2012-01-19,10.760000228881836
2012-01-20,10.850000381469727
2012-01-23,10.9399995803833
2012-01-24,10.920000076293945
2012-01-25,11.050000190734863
2012-01-26,11.039999961853027
2012-01-27,11.0
2012-01-30,11.039999961853027
2012-01-31,11.0
2012-02-01,11.229999542236328
2012-02-02,11.279999732971191
2012-02-03,11.460000038146973
2012-02-06,11.449999809265137
2012-02-07,11.489999771118164
2012-02-08,11.569999694824219
2012-02-09,11.640000343322754
2012-02-10,11.529999732971191
2012-02-13,11.670000076293945
2012-02-14,11.59000015258789
2012-02-15,11.539999961853027
2012-02-16,11.640000343322754
2012-02-17,11.619999885559082
2012-02-21,11.59000015258789
2012-02-22,11.600000381469727
2012-02-23,11.600000381469727
2012-02-24,11.630000114440918
2012-02-27,11.640000343322754
2012-02-28,11.680000305175781
2012-02-29,11.59000015258789
2012-03-01,11.779999732971191
2012-03-02,11.65999984741211
2012-03-05,11.65999984741211
2012-03-06,11.539999961853027
2012-03-07,11.630000114440918
2012-03-08,11.6899995803833
2012-03-09,11.720000267028809
2012-03-12,11.670000076293945
2012-03-13,11.850000381469727
2012-03-14,11.770000457763672
2012-03-15,11.829999923706055
2012-03-16,11.779999732971191
2012-03-19,11.800000190734863
2012-03-20,11.760000228881836
2012-03-21,11.75
2012-03-22,11.680000305175781
2012-03-23,11.6899995803833
2012-03-26,11.800000190734863
2012-03-27,11.829999923706055
2012-03-28,11.760000228881836
2012-03-29,11.720000267028809
2012-03-30,11.779999732971191
2012-04-02,11.829999923706055
2012-04-03,11.829999923706055
2012-04-04,11.739999771118164
2012-04-05,11.720000267028809
2012-04-09,11.619999885559082
2012-04-10,11.399999618530273
2012-04-11,11.229999542236328
2012-04-12,11.289999961853027
2012-04-13,11.210000038146973
2012-04-16,11.220000267028809
2012-04-17,11.319999694824219
2012-04-18,11.329999923706055
2012-04-19,11.270000457763672
2012-04-20,11.319999694824219
2012-04-23,11.3100004196167
2012-04-24,11.319999694824219
2012-04-25,11.4399995803833
2012-04-26,11.449999809265137
2012-04-27,11.479999542236328
2012-04-30,11.470000267028809
2012-05-01,11.520000457763672
2012-05-02,11.430000305175781
2012-05-03,11.329999923706055
2012-05-04,11.199999809265137
2012-05-07,11.180000305175781
2012-05-08,11.130000114440918
2012-05-09,11.039999961853027
2012-05-10,11.069999694824219
2012-05-11,11.050000190734863
2012-05-14,10.890000343322754
2012-05-15,10.770000457763672
2012-05-16,10.729999542236328
2012-05-17,10.520000457763672
2012-05-18,10.430000305175781
2012-05-21,10.510000228881836
2012-05-22,10.5
2012-05-23,10.539999961853027
2012-05-24,10.550000190734863
2012-05-25,10.59000015258789
2012-05-29,10.720000267028809
2012-05-30,10.609999656677246
2012-05-31,10.59000015258789
2012-06-01,10.350000381469727
2012-06-04,10.270000457763672
2012-06-05,10.300000190734863
2012-06-06,10.479999542236328
2012-06-07,10.479999542236328
2012-06-08,10.520000457763672
2012-06-11,10.420000076293945
2012-06-12,10.539999961853027
2012-06-13,10.420000076293945
2012-06-14,10.529999732971191
2012-06-15,10.460000038146973
2012-06-18,10.470000267028809
2012-06-19,10.600000381469727
2012-06-20,10.630000114440918
2012-06-21,10.479999542236328
2012-06-22,10.5
2012-06-25,10.399999618530273
2012-06-26,10.470000267028809
2012-06-27,10.520000457763672
2012-06-28,10.569999694824219
2012-06-29,10.75
2012-07-02,10.8100004196167
2012-07-03,10.920000076293945
2012-07-05,10.869999885559082
2012-07-06,10.770000457763672
2012-07-09,10.800000190734863
2012-07-10,10.84000015258789
2012-07-11,10.789999961853027
2012-07-12,10.789999961853027
2012-07-13,10.9399995803833
2012-07-16,10.90999984741211
2012-07-17,10.949999809265137
2012-07-18,10.800000190734863
2012-07-19,10.84000015258789
2012-07-20,10.720000267028809
2012-07-23,10.699999809265137
2012-07-24,10.579999923706055
2012-07-25,10.640000343322754
2012-07-26,10.869999885559082
2012-07-27,10.970000267028809
2012-07-30,10.960000038146973
2012-07-31,11.050000190734863
2012-08-01,11.199999809265137
2012-08-02,11.029999732971191
2012-08-03,11.109999656677246
2012-08-06,11.270000457763672
2012-08-07,11.34000015258789
2012-08-08,11.279999732971191
2012-08-09,11.279999732971191
2012-08-10,11.289999961853027
2012-08-13,11.289999961853027
2012-08-14,11.279999732971191
2012-08-15,11.25
2012-08-16,11.289999961853027
2012-08-17,11.220000267028809
2012-08-20,11.239999771118164
2012-08-21,11.270000457763672
2012-08-22,11.15999984741211
2012-08-23,11.15999984741211
2012-08-24,11.15999984741211
2012-08-27,11.199999809265137
2012-08-28,11.260000228881836
2012-08-29,11.220000267028809
2012-08-30,11.220000267028809
2012-08-31,11.380000114440918
2012-09-04,11.420000076293945
2012-09-05,11.430000305175781
2012-09-06,11.460000038146973
2012-09-07,11.460000038146973
2012-09-10,11.34000015258789
2012-09-11,11.399999618530273
2012-09-12,11.390000343322754
2012-09-13,11.569999694824219
2012-09-14,11.619999885559082
2012-09-17,11.539999961853027
2012-09-18,11.600000381469727
2012-09-19,11.65999984741211
2012-09-20,11.569999694824219
2012-09-21,11.649999618530273
2012-09-24,11.729999542236328
2012-09-25,11.680000305175781
2012-09-26,11.720000267028809
2012-09-27,11.739999771118164
2012-09-28,11.699999809265137
2012-10-01,11.729999542236328
2012-10-02,11.649999618530273
2012-10-03,11.670000076293945
2012-10-04,11.729999542236328
2012-10-05,11.789999961853027
2012-10-08,11.729999542236328
2012-10-09,11.699999809265137
2012-10-10,11.550000190734863
2012-10-11,11.640000343322754
2012-10-12,11.579999923706055
2012-10-15,11.670000076293945
2012-10-16,11.729999542236328
2012-10-17,11.460000038146973
2012-10-18,11.4399995803833
2012-10-19,11.350000381469727
2012-10-22,11.329999923706055
2012-10-23,11.25
2012-10-24,11.390000343322754
2012-10-25,11.4399995803833
2012-10-26,11.4399995803833
2012-10-31,11.449999809265137
2012-11-01,11.619999885559082
2012-11-02,11.729999542236328
2012-11-05,11.649999618530273
2012-11-06,11.600000381469727
2012-11-07,11.380000114440918
2012-11-08,11.140000343322754
2012-11-09,11.100000381469727
2012-11-12,11.119999885559082
2012-11-13,11.100000381469727
2012-11-14,10.869999885559082
2012-11-15,10.710000038146973
2012-11-16,10.84000015258789
2012-11-19,11.0600004196167
2012-11-20,11.029999732971191
2012-11-21,11.020000457763672
2012-11-23,11.079999923706055
2012-11-26,11.09000015258789
2012-11-27,11.020000457763672
2012-11-28,10.989999771118164
2012-11-29,11.020000457763672
2012-11-30,11.029999732971191
2012-12-03,10.960000038146973
2012-12-04,10.890000343322754
2012-12-05,10.960000038146973
2012-12-06,11.010000228881836
2012-12-07,11.0
2012-12-10,11.050000190734863
2012-12-11,11.020000457763672
2012-12-12,11.25
2012-12-13,11.239999771118164
2012-12-14,11.260000228881836
2012-12-17,11.300000190734863
2012-12-18,11.420000076293945
2012-12-19,11.479999542236328
2012-12-20,11.470000267028809
2012-12-21,11.460000038146973
2012-12-24,11.489999771118164
2012-12-26,11.5
2012-12-27,11.510000228881836
2012-12-28,11.670000076293945
2012-12-31,11.739999771118164
2013-01-02,12.039999961853027
2013-01-03,12.050000190734863
2013-01-04,12.09000015258789
2013-01-07,12.100000381469727
2013-01-08,12.170000076293945
2013-01-09,12.25
2013-01-10,12.369999885559082
2013-01-11,12.359999656677246
2013-01-14,12.420000076293945
2013-01-15,12.260000228881836
2013-01-16,12.020000457763672
2013-01-17,12.0600004196167
2013-01-18,12.029999732971191
2013-01-22,12.069999694824219
2013-01-23,12.170000076293945
2013-01-24,12.199999809265137
2013-01-25,12.260000228881836
2013-01-28,12.25
2013-01-29,12.289999961853027
2013-01-30,12.239999771118164
2013-01-31,12.229999542236328
2013-02-01,12.449999809265137
2013-02-04,12.369999885559082
2013-02-05,12.569999694824219
2013-02-06,12.510000228881836
2013-02-07,12.539999961853027
2013-02-08,12.640000343322754
2013-02-11,12.5
2013-02-12,12.460000038146973
2013-02-13,12.449999809265137
2013-02-14,12.449999809265137
2013-02-15,12.479999542236328
2013-02-19,12.529999732971191
2013-02-20,12.399999618530273
2013-02-21,12.260000228881836
2013-02-22,12.34000015258789
2013-02-25,12.180000305175781
2013-02-26,12.3100004196167
2013-02-27,12.4399995803833
2013-02-28,12.430000305175781
2013-03-01,12.529999732971191
2013-03-04,12.579999923706055
2013-03-05,12.720000267028809
2013-03-06,12.710000038146973
2013-03-07,12.739999771118164
2013-03-08,12.829999923706055
2013-03-11,12.819999694824219
2013-03-12,12.84000015258789
2013-03-13,12.710000038146973
2013-03-14,12.789999961853027
2013-03-15,12.680000305175781
2013-03-18,12.680000305175781
2013-03-19,12.720000267028809
2013-03-20,12.789999961853027
2013-03-21,12.75
2013-03-22,12.850000381469727
2013-03-25,12.739999771118164
2013-03-26,12.819999694824219
2013-03-27,12.819999694824219
2013-03-28,12.869999885559082
2013-04-01,12.859999656677246
2013-04-02,12.84000015258789
2013-04-03,12.65999984741211
2013-04-04,12.640000343322754
2013-04-05,12.779999732971191
2013-04-08,12.84000015258789
2013-04-09,12.9399995803833
2013-04-10,12.829999923706055
2013-04-11,12.770000457763672
2013-04-12,12.710000038146973
2013-04-15,12.5
2013-04-16,12.699999809265137
2013-04-17,12.59000015258789
2013-04-18,12.470000267028809
2013-04-19,12.5
2013-04-22,12.569999694824219
2013-04-23,12.710000038146973
2013-04-24,12.739999771118164
2013-04-25,12.84000015258789
2013-04-26,12.8100004196167
2013-04-29,12.859999656677246
2013-04-30,12.890000343322754
2013-05-01,12.880000114440918
2013-05-02,13.020000457763672
2013-05-03,13.109999656677246
2013-05-06,13.119999885559082
2013-05-07,13.149999618530273
2013-05-08,13.180000305175781
2013-05-09,13.180000305175781
2013-05-10,13.170000076293945
2013-05-13,13.239999771118164
2013-05-14,13.34000015258789
2013-05-15,13.40999984741211
2013-05-16,13.369999885559082
2013-05-17,13.420000076293945
2013-05-20,13.510000228881836
2013-05-21,13.510000228881836
2013-05-22,13.4399995803833
2013-05-23,13.350000381469727
2013-05-24,13.25
2013-05-28,13.350000381469727
2013-05-29,13.260000228881836
2013-05-30,13.329999923706055
2013-05-31,13.069999694824219
2013-06-03,13.109999656677246
2013-06-04,13.079999923706055
2013-06-05,12.869999885559082
2013-06-06,12.829999923706055
2013-06-07,13.0
2013-06-10,13.15999984741211
2013-06-11,13.079999923706055
2013-06-12,12.84000015258789
2013-06-13,13.119999885559082
2013-06-14,12.960000038146973
2013-06-17,13.010000228881836
2013-06-18,13.15999984741211
2013-06-19,13.010000228881836
2013-06-20,12.859999656677246
2013-06-21,12.949999809265137
2013-06-24,12.510000228881836
2013-06-25,12.680000305175781
2013-06-26,12.720000267028809
2013-06-27,12.819999694824219
2013-06-28,12.869999885559082
2013-07-01,13.0600004196167
2013-07-02,13.069999694824219
2013-07-03,13.020000457763672
2013-07-05,13.079999923706055
2013-07-08,13.239999771118164
2013-07-09,13.25
2013-07-10,13.1899995803833
2013-07-11,13.489999771118164
2013-07-12,13.359999656677246
2013-07-15,13.399999618530273
2013-07-16,13.3100004196167
2013-07-17,13.210000038146973
2013-07-18,13.180000305175781
2013-07-19,13.0600004196167
2013-07-22,13.0600004196167
2013-07-23,13.09000015258789
2013-07-24,13.050000190734863
2013-07-25,13.020000457763672
2013-07-26,12.979999542236328
2013-07-29,12.890000343322754
2013-07-30,12.920000076293945
2013-07-31,12.970000267028809
2013-08-01,12.989999771118164
2013-08-02,13.029999732971191
2013-08-05,12.970000267028809
2013-08-06,12.890000343322754
2013-08-07,12.880000114440918
2013-08-08,12.859999656677246
2013-08-09,12.760000228881836
2013-08-12,12.739999771118164
2013-08-13,12.760000228881836
2013-08-14,12.699999809265137
2013-08-15,12.619999885559082
2013-08-16,12.449999809265137
2013-08-19,12.220000267028809
2013-08-20,12.319999694824219
2013-08-21,12.210000038146973
2013-08-22,12.369999885559082
2013-08-23,12.420000076293945
2013-08-26,12.420000076293945
2013-08-27,12.1899995803833
2013-08-28,12.180000305175781
2013-08-29,12.270000457763672
2013-08-30,12.220000267028809
2013-09-03,12.350000381469727
2013-09-04,12.289999961853027
2013-09-05,12.430000305175781
2013-09-06,12.520000457763672
2013-09-09,12.609999656677246
2013-09-10,12.789999961853027
2013-09-11,12.819999694824219
2013-09-12,12.800000190734863
2013-09-13,12.819999694824219
2013-09-16,12.890000343322754
2013-09-17,12.869999885559082
2013-09-18,13.029999732971191
2013-09-19,12.949999809265137
2013-09-20,12.829999923706055
2013-09-23,12.84000015258789
2013-09-24,12.899999618530273
2013-09-25,12.90999984741211
2013-09-26,12.930000305175781
2013-09-27,12.920000076293945
2013-09-30,12.869999885559082
2013-10-01,12.949999809265137
2013-10-02,12.9399995803833
2013-10-03,12.829999923706055
2013-10-04,12.930000305175781
2013-10-07,12.84000015258789
2013-10-08,12.649999618530273
2013-10-09,12.609999656677246
2013-10-10,12.800000190734863
2013-10-11,12.84000015258789
2013-10-14,12.800000190734863
2013-10-15,12.710000038146973
2013-10-16,12.869999885559082
2013-10-17,12.739999771118164
2013-10-18,12.739999771118164
2013-10-21,12.729999542236328
2013-10-22,12.8100004196167
2013-10-23,12.680000305175781
2013-10-24,12.65999984741211
2013-10-25,12.720000267028809
2013-10-28,12.720000267028809
2013-10-29,12.739999771118164
2013-10-30,12.630000114440918
2013-10-31,12.720000267028809
2013-11-01,12.789999961853027
2013-11-04,12.869999885559082
2013-11-05,12.859999656677246
2013-11-06,12.829999923706055
2013-11-07,12.760000228881836
2013-11-08,12.75
2013-11-11,12.760000228881836
2013-11-12,12.600000381469727
2013-11-13,12.600000381469727
2013-11-14,12.65999984741211
2013-11-15,12.739999771118164
2013-11-18,12.6899995803833
2013-11-19,12.65999984741211
2013-11-20,12.640000343322754
2013-11-21,12.720000267028809
2013-11-22,12.729999542236328
2013-11-25,12.770000457763672
2013-11-26,12.800000190734863
2013-11-27,12.859999656677246
2013-11-29,12.880000114440918
2013-12-02,12.819999694824219
2013-12-03,12.779999732971191
2013-12-04,12.760000228881836
2013-12-05,12.739999771118164
2013-12-06,12.75
2013-12-09,12.699999809265137
2013-12-10,12.720000267028809
2013-12-11,12.640000343322754
2013-12-12,12.619999885559082
2013-12-13,12.59000015258789
2013-12-16,12.640000343322754
2013-12-17,12.640000343322754
2013-12-18,12.789999961853027
2013-12-19,12.819999694824219
2013-12-20,12.850000381469727
2013-12-23,13.0600004196167
2013-12-24,13.100000381469727
2013-12-26,13.149999618530273
2013-12-27,13.199999809265137
2013-12-30,13.109999656677246
2013-12-31,13.069999694824219
2014-01-02,12.850000381469727
2014-01-03,12.949999809265137
2014-01-06,12.979999542236328
2014-01-07,12.789999961853027
2014-01-08,12.850000381469727
2014-01-09,12.979999542236328
2014-01-10,13.069999694824219
2014-01-13,12.949999809265137
2014-01-14,12.970000267028809
2014-01-15,12.949999809265137
2014-01-16,12.970000267028809
2014-01-17,12.869999885559082
2014-01-21,12.84000015258789
2014-01-22,12.859999656677246
2014-01-23,12.90999984741211
2014-01-24,12.729999542236328
2014-01-27,12.680000305175781
2014-01-28,12.65999984741211
2014-01-29,12.5
2014-01-30,12.640000343322754
2014-01-31,12.600000381469727
2014-02-03,12.399999618530273
2014-02-04,12.529999732971191
2014-02-05,12.479999542236328
2014-02-06,12.539999961853027
2014-02-07,12.710000038146973
2014-02-10,12.710000038146973
2014-02-11,12.850000381469727
2014-02-12,12.739999771118164
2014-02-13,12.789999961853027
2014-02-14,12.829999923706055
2014-02-18,12.800000190734863
2014-02-19,12.760000228881836
2014-02-20,12.789999961853027
2014-02-21,12.859999656677246
2014-02-24,12.90999984741211
2014-02-25,12.890000343322754
2014-02-26,12.949999809265137
2014-02-27,13.039999961853027
2014-02-28,13.069999694824219
2014-03-03,13.09000015258789
2014-03-04,13.180000305175781
2014-03-05,13.09000015258789
2014-03-06,13.210000038146973
2014-03-07,13.15999984741211
2014-03-10,13.100000381469727
2014-03-11,13.1899995803833
2014-03-12,13.130000114440918
2014-03-13,13.100000381469727
2014-03-14,12.979999542236328
2014-03-17,13.09000015258789
2014-03-18,13.119999885559082
2014-03-19,13.020000457763672
2014-03-20,13.069999694824219
2014-03-21,13.100000381469727
2014-03-24,13.029999732971191
2014-03-25,13.09000015258789
2014-03-26,12.949999809265137
2014-03-27,12.829999923706055
2014-03-28,12.75
2014-03-31,12.75
2014-04-01,12.890000343322754
2014-04-02,12.890000343322754
2014-04-03,12.890000343322754
2014-04-04,12.84000015258789
2014-04-07,12.6899995803833
2014-04-08,12.550000190734863
2014-04-09,12.59000015258789
2014-04-10,12.5600004196167
2014-04-11,12.359999656677246
2014-04-14,12.420000076293945
2014-04-15,12.390000343322754
2014-04-16,12.449999809265137
2014-04-17,12.449999809265137
2014-04-21,12.539999961853027
2014-04-22,12.510000228881836
2014-04-23,12.489999771118164
2014-04-24,12.5
2014-04-25,12.470000267028809
2014-04-28,12.489999771118164
2014-04-29,12.489999771118164
2014-04-30,12.520000457763672
2014-05-01,12.59000015258789
2014-05-02,12.65999984741211
2014-05-05,12.75
2014-05-06,12.699999809265137
2014-05-07,12.65999984741211
2014-05-08,12.59000015258789
2014-05-09,12.550000190734863
2014-05-12,12.600000381469727
2014-05-13,12.600000381469727
2014-05-14,12.479999542236328
2014-05-15,12.329999923706055
2014-05-16,12.479999542236328
2014-05-19,12.4399995803833
2014-05-20,12.40999984741211
2014-05-21,12.5
2014-05-22,12.5
2014-05-23,12.510000228881836
2014-05-27,12.579999923706055
2014-05-28,12.569999694824219
2014-05-29,12.670000076293945
2014-05-30,12.800000190734863
2014-06-02,12.869999885559082
2014-06-03,12.859999656677246
2014-06-04,12.84000015258789
2014-06-05,12.859999656677246
2014-06-06,12.90999984741211
2014-06-09,12.9399995803833
2014-06-10,12.970000267028809
2014-06-11,12.899999618530273
2014-06-12,12.859999656677246
2014-06-13,12.869999885559082
2014-06-16,12.829999923706055
2014-06-17,12.789999961853027
2014-06-18,12.859999656677246
2014-06-19,12.880000114440918
2014-06-20,12.850000381469727
2014-06-23,12.84000015258789
2014-06-24,12.84000015258789
2014-06-25,12.850000381469727
2014-06-26,12.850000381469727
2014-06-27,12.890000343322754
2014-06-30,13.0
2014-07-01,13.149999618530273
2014-07-02,13.029999732971191
2014-07-03,13.029999732971191
2014-07-07,13.029999732971191
2014-07-08,12.930000305175781
2014-07-09,12.930000305175781
2014-07-10,12.859999656677246
2014-07-11,13.010000228881836
2014-07-14,13.0
2014-07-15,12.970000267028809
2014-07-16,12.930000305175781
2014-07-17,12.84000015258789
2014-07-18,12.880000114440918
2014-07-21,12.800000190734863
2014-07-22,12.800000190734863
2014-07-23,12.850000381469727
2014-07-24,12.850000381469727
2014-07-25,12.789999961853027
2014-07-28,12.760000228881836
2014-07-29,12.6899995803833
2014-07-30,12.609999656677246
2014-07-31,12.430000305175781
2014-08-01,12.420000076293945
2014-08-04,12.5
2014-08-05,12.380000114440918
2014-08-06,12.399999618530273
2014-08-07,12.319999694824219
2014-08-08,12.399999618530273
2014-08-11,12.510000228881836
2014-08-12,12.5
2014-08-13,12.520000457763672
2014-08-14,12.470000267028809
2014-08-15,12.449999809265137
2014-08-18,12.5600004196167
2014-08-19,12.630000114440918
2014-08-20,12.619999885559082
2014-08-21,12.640000343322754
2014-08-22,12.569999694824219
2014-08-25,12.640000343322754
2014-08-26,12.699999809265137
2014-08-27,12.6899995803833
2014-08-28,12.670000076293945
2014-08-29,12.65999984741211
2014-09-02,12.739999771118164
2014-09-03,12.739999771118164
2014-09-04,12.619999885559082
2014-09-05,12.619999885559082
2014-09-08,12.59000015258789
2014-09-09,12.569999694824219
2014-09-10,12.649999618530273
2014-09-11,12.600000381469727
2014-09-12,12.529999732971191
2014-09-15,12.430000305175781
2014-09-16,12.350000381469727
2014-09-17,12.359999656677246
2014-09-18,12.390000343322754
2014-09-19,12.350000381469727
2014-09-22,12.260000228881836
2014-09-23,12.170000076293945
2014-09-24,12.170000076293945
2014-09-25,12.079999923706055
2014-09-26,12.109999656677246
2014-09-29,11.970000267028809
2014-09-30,11.930000305175781
2014-10-01,11.899999618530273
2014-10-02,11.789999961853027
2014-10-03,11.859999656677246
2014-10-06,11.84000015258789
2014-10-07,11.789999961853027
2014-10-08,11.930000305175781
2014-10-09,11.720000267028809
2014-10-10,11.5600004196167
2014-10-13,11.460000038146973
2014-10-14,11.390000343322754
2014-10-15,11.25
2014-10-16,11.369999885559082
2014-10-17,11.460000038146973
2014-10-20,11.539999961853027
2014-10-21,11.770000457763672
2014-10-22,11.779999732971191
2014-10-23,11.90999984741211
2014-10-24,12.050000190734863
2014-10-27,12.0
2014-10-28,12.09000015258789
2014-10-29,12.079999923706055
2014-10-30,12.029999732971191
2014-10-31,12.180000305175781
2014-11-03,12.229999542236328
2014-11-04,12.119999885559082
2014-11-05,12.149999618530273
2014-11-06,12.109999656677246
2014-11-07,12.130000114440918
2014-11-10,12.100000381469727
2014-11-11,12.199999809265137
2014-11-12,12.119999885559082
2014-11-13,12.149999618530273
2014-11-14,12.039999961853027
2014-11-17,11.949999809265137
2014-11-18,11.960000038146973
2014-11-19,12.010000228881836
2014-11-20,12.029999732971191
2014-11-21,12.09000015258789
2014-11-24,12.119999885559082
2014-11-25,12.1899995803833
2014-11-26,12.210000038146973
2014-11-28,12.109999656677246
2014-12-01,12.069999694824219
2014-12-02,12.100000381469727
2014-12-03,12.199999809265137
2014-12-04,12.130000114440918
2014-12-05,12.210000038146973
2014-12-08,12.130000114440918
2014-12-09,12.239999771118164
2014-12-10,12.09000015258789
2014-12-11,12.079999923706055
2014-12-12,11.970000267028809
2014-12-15,11.880000114440918
2014-12-16,11.859999656677246
2014-12-17,11.90999984741211
2014-12-18,12.100000381469727
2014-12-19,12.079999923706055
2014-12-22,12.140000343322754
2014-12-23,12.149999618530273
2014-12-24,12.140000343322754
2014-12-26,12.300000190734863
2014-12-29,12.34000015258789
2014-12-30,12.390000343322754
2014-12-31,12.819999694824219
2015-01-02,12.760000228881836
2015-01-05,12.319999694824219
2015-01-06,12.25
2015-01-07,12.350000381469727
2015-01-08,12.479999542236328
2015-01-09,12.470000267028809
2015-01-12,12.460000038146973
2015-01-13,12.369999885559082
2015-01-14,12.140000343322754
2015-01-15,12.100000381469727
2015-01-16,12.210000038146973
2015-01-20,12.170000076293945
2015-01-21,12.039999961853027
2015-01-22,12.069999694824219
2015-01-23,12.050000190734863
2015-01-26,12.069999694824219
2015-01-27,12.050000190734863
2015-01-28,11.970000267028809
2015-01-29,12.020000457763672
2015-01-30,11.90999984741211
2015-02-02,12.039999961853027
2015-02-03,12.149999618530273
2015-02-04,12.0600004196167
2015-02-05,12.260000228881836
2015-02-06,12.239999771118164
2015-02-09,12.220000267028809
2015-02-10,12.229999542236328
2015-02-11,12.3100004196167
2015-02-12,12.300000190734863
2015-02-13,12.300000190734863
2015-02-17,12.300000190734863
2015-02-18,12.300000190734863
2015-02-19,12.34000015258789
2015-02-20,12.449999809265137
2015-02-23,12.420000076293945
2015-02-24,12.489999771118164
2015-02-25,12.529999732971191
2015-02-26,12.479999542236328
2015-02-27,12.5600004196167
2015-03-02,12.680000305175781
2015-03-03,12.649999618530273
2015-03-04,12.649999618530273
2015-03-05,12.699999809265137
2015-03-06,12.630000114440918
2015-03-09,12.649999618530273
2015-03-10,12.479999542236328
2015-03-11,12.539999961853027
2015-03-12,12.6899995803833
2015-03-13,12.65999984741211
2015-03-16,12.670000076293945
2015-03-17,12.630000114440918
2015-03-18,12.739999771118164
2015-03-19,12.65999984741211
2015-03-20,12.649999618530273
2015-03-23,12.649999618530273
2015-03-24,12.619999885559082
2015-03-25,12.640000343322754
2015-03-26,12.550000190734863
2015-03-27,12.479999542236328
2015-03-30,12.59000015258789
2015-03-31,12.460000038146973
2015-04-01,12.619999885559082
2015-04-02,12.569999694824219
2015-04-06,12.649999618530273
2015-04-07,12.630000114440918
2015-04-08,12.600000381469727
2015-04-09,12.779999732971191
2015-04-10,12.75
2015-04-13,12.739999771118164
2015-04-14,12.819999694824219
2015-04-15,12.859999656677246
2015-04-16,12.729999542236328
2015-04-17,12.640000343322754
2015-04-20,12.710000038146973
2015-04-21,12.699999809265137
2015-04-22,12.8100004196167
2015-04-23,12.75
2015-04-24,12.739999771118164
2015-04-27,12.630000114440918
2015-04-28,12.619999885559082
2015-04-29,12.520000457763672
2015-04-30,12.470000267028809
2015-05-01,12.600000381469727
2015-05-04,12.5
2015-05-05,12.350000381469727
2015-05-06,12.270000457763672
2015-05-07,12.279999732971191
2015-05-08,12.420000076293945
2015-05-11,12.359999656677246
2015-05-12,12.369999885559082
2015-05-13,12.329999923706055
2015-05-14,12.34000015258789
2015-05-15,12.359999656677246
2015-05-18,12.399999618530273
2015-05-19,12.470000267028809
2015-05-20,12.5600004196167
2015-05-21,12.579999923706055
2015-05-22,12.539999961853027
2015-05-26,12.460000038146973
2015-05-27,12.5
2015-05-28,12.399999618530273
2015-05-29,12.199999809265137
2015-06-01,12.420000076293945
2015-06-02,12.479999542236328
2015-06-03,12.470000267028809
2015-06-04,12.460000038146973
2015-06-05,12.479999542236328
2015-06-08,12.4399995803833
2015-06-09,12.4399995803833
2015-06-10,12.5
2015-06-11,12.479999542236328
2015-06-12,12.470000267028809
2015-06-15,12.460000038146973
2015-06-16,12.430000305175781
2015-06-17,12.390000343322754
2015-06-18,12.4399995803833
2015-06-19,12.380000114440918
2015-06-22,12.4399995803833
2015-06-23,12.4399995803833
2015-06-24,12.399999618530273
2015-06-25,12.380000114440918
2015-06-26,12.369999885559082
2015-06-29,12.050000190734863
2015-06-30,12.050000190734863
2015-07-01,12.289999961853027
2015-07-02,12.25
2015-07-06,12.270000457763672
2015-07-07,12.380000114440918
2015-07-08,12.220000267028809
2015-07-09,12.229999542236328
2015-07-10,12.279999732971191
2015-07-13,12.399999618530273
2015-07-14,12.4399995803833
2015-07-15,12.359999656677246
2015-07-16,12.390000343322754
2015-07-17,12.390000343322754
2015-07-20,12.350000381469727
2015-07-21,12.359999656677246
2015-07-22,12.329999923706055
2015-07-23,12.359999656677246
2015-07-24,12.260000228881836
2015-07-27,12.069999694824219
2015-07-28,12.15999984741211
2015-07-29,12.300000190734863
2015-07-30,12.270000457763672
2015-07-31,12.3100004196167
2015-08-03,12.40999984741211
2015-08-04,12.430000305175781
2015-08-05,12.359999656677246
2015-08-06,12.279999732971191
2015-08-07,12.199999809265137
2015-08-10,12.229999542236328
2015-08-11,12.079999923706055
2015-08-12,12.119999885559082
2015-08-13,12.069999694824219
2015-08-14,12.149999618530273
2015-08-17,12.100000381469727
2015-08-18,12.109999656677246
2015-08-19,12.079999923706055
2015-08-20,11.920000076293945
2015-08-21,11.640000343322754
2015-08-24,11.149999618530273
2015-08-25,11.15999984741211
2015-08-26,11.220000267028809
2015-08-27,11.289999961853027
2015-08-28,11.270000457763672
2015-08-31,11.170000076293945
2015-09-01,10.9399995803833
2015-09-02,11.170000076293945
2015-09-03,11.220000267028809
2015-09-04,11.140000343322754
2015-09-08,11.25
2015-09-09,11.15999984741211
2015-09-10,11.199999809265137
2015-09-11,11.180000305175781
2015-09-14,11.140000343322754
2015-09-15,11.210000038146973
2015-09-16,11.180000305175781
2015-09-17,11.1899995803833
2015-09-18,11.069999694824219
2015-09-21,11.100000381469727
2015-09-22,11.010000228881836
2015-09-23,11.020000457763672
2015-09-24,10.989999771118164
2015-09-25,10.970000267028809
2015-09-28,10.760000228881836
2015-09-29,10.649999618530273
2015-09-30,10.699999809265137
2015-10-01,10.699999809265137
2015-10-02,10.789999961853027
2015-10-05,10.979999542236328
2015-10-06,10.9399995803833
2015-10-07,11.079999923706055
2015-10-08,11.140000343322754
2015-10-09,11.119999885559082
2015-10-12,11.09000015258789
2015-10-13,11.020000457763672
2015-10-14,10.9399995803833
2015-10-15,11.170000076293945
2015-10-16,11.289999961853027
2015-10-19,11.40999984741211
2015-10-20,11.399999618530273
2015-10-21,11.319999694824219
2015-10-22,11.319999694824219
2015-10-23,11.3100004196167
2015-10-26,11.130000114440918
2015-10-27,11.09000015258789
2015-10-28,11.140000343322754
2015-10-29,11.09000015258789
2015-10-30,11.25
2015-11-02,11.359999656677246
2015-11-03,11.210000038146973
2015-11-04,11.390000343322754
2015-11-05,11.550000190734863
2015-11-06,11.520000457763672
2015-11-09,11.329999923706055
2015-11-10,11.289999961853027
2015-11-11,11.15999984741211
2015-11-12,11.109999656677246
2015-11-13,11.0600004196167
2015-11-16,11.109999656677246
2015-11-17,10.960000038146973
2015-11-18,11.0
2015-11-19,11.0
2015-11-20,10.949999809265137
2015-11-23,10.9399995803833
2015-11-24,10.989999771118164
2015-11-25,10.869999885559082
2015-11-27,10.930000305175781
2015-11-30,10.850000381469727
2015-12-01,11.050000190734863
2015-12-02,10.979999542236328
2015-12-03,10.859999656677246
2015-12-04,10.850000381469727
2015-12-07,10.640000343322754
2015-12-08,10.619999885559082
2015-12-09,10.59000015258789
2015-12-10,10.569999694824219
2015-12-11,10.359999656677246
2015-12-14,10.25
2015-12-15,10.350000381469727
2015-12-16,10.399999618530273
2015-12-17,10.359999656677246
2015-12-18,10.329999923706055
2015-12-21,10.350000381469727
2015-12-22,10.4399995803833
2015-12-23,10.510000228881836
2015-12-24,10.550000190734863
2015-12-28,10.510000228881836
2015-12-29,10.510000228881836
2015-12-30,10.470000267028809
2015-12-31,10.4399995803833
2016-01-04,10.289999961853027
2016-01-05,10.289999961853027
2016-01-06,10.220000267028809
2016-01-07,10.09000015258789
2016-01-08,10.039999961853027
2016-01-11,10.029999732971191
2016-01-12,10.050000190734863
2016-01-13,9.649999618530273
2016-01-14,9.720000267028809
2016-01-15,9.239999771118164
2016-01-19,9.270000457763672
2016-01-20,8.9399995803833
2016-01-21,8.970000267028809
2016-01-22,9.25
2016-01-25,9.119999885559082
2016-01-26,9.199999809265137
2016-01-27,9.140000343322754
2016-01-28,9.25
2016-01-29,9.399999618530273
2016-02-01,9.510000228881836
2016-02-02,9.34000015258789
2016-02-03,9.4399995803833
2016-02-04,9.470000267028809
2016-02-05,9.25
2016-02-08,8.949999809265137
2016-02-09,8.869999885559082
2016-02-10,8.880000114440918
2016-02-11,8.819999694824219
2016-02-12,9.0
2016-02-16,9.039999961853027
2016-02-17,9.020000457763672
2016-02-18,9.010000228881836
2016-02-19,8.9399995803833
2016-02-22,9.039999961853027
2016-02-23,8.970000267028809
2016-02-24,8.850000381469727
2016-02-25,9.079999923706055
2016-02-26,9.119999885559082
2016-02-29,9.149999618530273
2016-03-01,9.329999923706055
2016-03-02,9.229999542236328
2016-03-03,9.369999885559082
2016-03-04,9.420000076293945
2016-03-07,9.4399995803833
2016-03-08,9.319999694824219
2016-03-09,9.399999618530273
2016-03-10,9.3100004196167
2016-03-11,9.460000038146973
2016-03-14,9.399999618530273
2016-03-15,9.319999694824219
2016-03-16,9.350000381469727
2016-03-17,9.449999809265137
2016-03-18,9.489999771118164
2016-03-21,9.479999542236328
2016-03-22,9.40999984741211
2016-03-23,9.329999923706055
2016-03-24,9.279999732971191
2016-03-28,9.359999656677246
2016-03-29,9.390000343322754
2016-03-30,9.449999809265137
2016-03-31,9.579999923706055
2016-04-01,9.550000190734863
2016-04-04,9.369999885559082
2016-04-05,9.270000457763672
2016-04-06,9.350000381469727
2016-04-07,9.350000381469727
2016-04-08,9.40999984741211
2016-04-11,9.4399995803833
2016-04-12,9.430000305175781
2016-04-13,9.449999809265137
2016-04-14,9.430000305175781
2016-04-15,9.380000114440918
2016-04-18,9.430000305175781
2016-04-19,9.510000228881836
2016-04-20,9.520000457763672
2016-04-21,9.489999771118164
2016-04-22,9.529999732971191
2016-04-25,9.479999542236328
2016-04-26,9.5
2016-04-27,9.579999923706055
2016-04-28,9.510000228881836
2016-04-29,9.470000267028809
2016-05-02,9.569999694824219
2016-05-03,9.470000267028809
2016-05-04,9.34000015258789
2016-05-05,9.229999542236328
2016-05-06,9.350000381469727
2016-05-09,9.430000305175781
2016-05-10,9.539999961853027
2016-05-11,9.510000228881836
2016-05-12,9.5
2016-05-13,9.449999809265137
2016-05-16,9.430000305175781
2016-05-17,9.350000381469727
2016-05-18,9.350000381469727
2016-05-19,9.220000267028809
2016-05-20,9.300000190734863
2016-05-23,9.289999961853027
2016-05-24,9.390000343322754
2016-05-25,9.420000076293945
2016-05-26,9.430000305175781
2016-05-27,9.420000076293945
2016-05-31,9.399999618530273
2016-06-01,9.449999809265137
2016-06-02,9.520000457763672
2016-06-03,9.479999542236328
2016-06-06,9.5600004196167
2016-06-07,9.550000190734863
2016-06-08,9.600000381469727
2016-06-09,9.59000015258789
2016-06-10,9.40999984741211
2016-06-13,9.380000114440918
2016-06-14,9.350000381469727
2016-06-15,9.279999732971191
2016-06-16,9.25
2016-06-17,9.260000228881836
2016-06-20,9.25
2016-06-21,9.239999771118164
2016-06-22,9.229999542236328
2016-06-23,9.319999694824219
2016-06-24,9.069999694824219
2016-06-27,8.9399995803833
2016-06-28,9.069999694824219
2016-06-29,9.210000038146973
2016-06-30,9.329999923706055
2016-07-01,9.399999618530273
2016-07-05,9.350000381469727
2016-07-06,9.359999656677246
2016-07-07,9.449999809265137
2016-07-08,9.520000457763672
2016-07-11,9.539999961853027
2016-07-12,9.600000381469727
2016-07-13,9.5600004196167
2016-07-14,9.470000267028809
2016-07-15,9.430000305175781
2016-07-18,9.470000267028809
2016-07-19,9.449999809265137
2016-07-20,9.510000228881836
2016-07-21,9.470000267028809
2016-07-22,9.5600004196167
2016-07-25,9.539999961853027
2016-07-26,9.5
2016-07-27,9.579999923706055
2016-07-28,9.59000015258789
2016-07-29,9.649999618530273
2016-08-01,9.649999618530273
2016-08-02,9.529999732971191
2016-08-03,9.640000343322754
2016-08-04,9.59000015258789
2016-08-05,9.670000076293945
2016-08-08,9.649999618530273
2016-08-09,9.579999923706055
2016-08-10,9.6899995803833
2016-08-11,9.720000267028809
2016-08-12,9.6899995803833
2016-08-15,9.8100004196167
2016-08-16,9.800000190734863
2016-08-17,9.649999618530273
2016-08-18,9.699999809265137
2016-08-19,9.739999771118164
2016-08-22,9.770000457763672
2016-08-23,9.789999961853027
2016-08-24,9.779999732971191
2016-08-25,9.829999923706055
2016-08-26,9.770000457763672
2016-08-29,9.789999961853027
2016-08-30,9.84000015258789
2016-08-31,9.800000190734863
2016-09-01,9.800000190734863
2016-09-02,9.890000343322754
2016-09-06,9.90999984741211
2016-09-07,9.960000038146973
2016-09-08,9.970000267028809
2016-09-09,9.779999732971191
2016-09-12,9.829999923706055
2016-09-13,9.65999984741211
2016-09-14,9.520000457763672
2016-09-15,9.59000015258789
2016-09-16,9.569999694824219
2016-09-19,9.59000015258789
2016-09-20,9.609999656677246
2016-09-21,9.6899995803833
2016-09-22,9.789999961853027
2016-09-23,9.6899995803833
2016-09-26,9.619999885559082
2016-09-27,9.65999984741211
2016-09-28,9.65999984741211
2016-09-29,9.649999618530273
2016-09-30,9.670000076293945
2016-10-03,9.649999618530273
2016-10-04,9.619999885559082
2016-10-05,9.59000015258789
2016-10-06,9.59000015258789
2016-10-07,9.550000190734863
2016-10-10,9.600000381469727
2016-10-11,9.510000228881836
2016-10-12,9.510000228881836
2016-10-13,9.4399995803833
2016-10-14,9.479999542236328
2016-10-17,9.270000457763672
2016-10-18,9.289999961853027
2016-10-19,9.319999694824219
2016-10-20,9.319999694824219
2016-10-21,9.3100004196167
2016-10-24,9.319999694824219
2016-10-25,9.3100004196167
2016-10-26,9.239999771118164
2016-10-27,9.149999618530273
2016-10-28,9.109999656677246
2016-10-31,9.039999961853027
2016-11-01,9.050000190734863
2016-11-02,8.920000076293945
2016-11-03,8.829999923706055
2016-11-04,8.880000114440918
2016-11-07,8.989999771118164
2016-11-08,8.90999984741211
2016-11-09,9.039999961853027
2016-11-10,8.979999542236328
2016-11-11,8.829999923706055
2016-11-14,8.789999961853027
2016-11-15,8.779999732971191
2016-11-16,8.739999771118164
2016-11-17,8.739999771118164
2016-11-18,8.739999771118164
2016-11-21,8.84000015258789
2016-11-22,8.890000343322754
2016-11-23,8.880000114440918
2016-11-25,8.930000305175781
2016-11-28,8.869999885559082
2016-11-29,8.880000114440918
2016-11-30,8.829999923706055
2016-12-01,8.829999923706055
2016-12-02,8.800000190734863
2016-12-05,8.760000228881836
2016-12-06,8.829999923706055
2016-12-07,8.880000114440918
2016-12-08,8.8100004196167
2016-12-09,8.890000343322754
2016-12-12,8.869999885559082
2016-12-13,8.899999618530273
2016-12-14,8.779999732971191
2016-12-15,8.869999885559082
2016-12-16,8.880000114440918
2016-12-19,8.850000381469727
2016-12-20,8.869999885559082
2016-12-21,8.9399995803833
2016-12-22,8.949999809265137
2016-12-23,8.90999984741211
2016-12-27,8.9399995803833
2016-12-28,8.899999618530273
2016-12-29,8.90999984741211
2016-12-30,8.949999809265137
2017-01-03,8.890000343322754
2017-01-04,9.010000228881836
2017-01-05,9.0600004196167
2017-01-06,9.1899995803833
2017-01-09,9.140000343322754
2017-01-10,9.220000267028809
2017-01-11,9.25
2017-01-12,9.180000305175781
2017-01-13,9.199999809265137
2017-01-17,9.229999542236328
2017-01-18,9.210000038146973
2017-01-19,9.229999542236328
2017-01-20,9.25
2017-01-23,9.289999961853027
2017-01-24,9.390000343322754
2017-01-25,9.489999771118164
2017-01-26,9.539999961853027
2017-01-27,9.569999694824219
2017-01-30,9.550000190734863
2017-01-31,9.59000015258789
2017-02-01,9.630000114440918
2017-02-02,9.680000305175781
2017-02-03,9.760000228881836
2017-02-06,9.800000190734863
2017-02-07,9.829999923706055
2017-02-08,9.819999694824219
2017-02-09,9.869999885559082
2017-02-10,9.890000343322754
2017-02-13,9.949999809265137
2017-02-14,10.0
2017-02-15,9.989999771118164
2017-02-16,9.979999542236328
2017-02-17,9.920000076293945
2017-02-21,9.949999809265137
2017-02-22,9.960000038146973
2017-02-23,9.960000038146973
2017-02-24,9.979999542236328
2017-02-27,10.020000457763672
2017-02-28,10.0600004196167
2017-03-01,10.109999656677246
2017-03-02,10.029999732971191
2017-03-03,9.970000267028809
2017-03-06,10.029999732971191
2017-03-07,9.989999771118164
2017-03-08,10.0
2017-03-09,10.010000228881836
2017-03-10,10.050000190734863
2017-03-13,10.079999923706055
2017-03-14,10.039999961853027
2017-03-15,10.170000076293945
2017-03-16,10.0600004196167
2017-03-17,10.079999923706055
2017-03-20,10.079999923706055
2017-03-21,10.039999961853027
2017-03-22,10.020000457763672
2017-03-23,10.039999961853027
2017-03-24,10.0600004196167
2017-03-27,10.050000190734863
2017-03-28,10.100000381469727
2017-03-29,10.149999618530273
2017-03-30,10.210000038146973
2017-03-31,10.289999961853027
2017-04-03,10.229999542236328
2017-04-04,10.199999809265137
2017-04-05,10.270000457763672
2017-04-06,10.3100004196167
2017-04-07,10.300000190734863
2017-04-10,10.420000076293945
2017-04-11,10.449999809265137
2017-04-12,10.369999885559082
2017-04-13,10.319999694824219
2017-04-17,10.350000381469727
2017-04-18,10.319999694824219
2017-04-19,10.350000381469727
2017-04-20,10.399999618530273
2017-04-21,10.399999618530273
2017-04-24,10.479999542236328
2017-04-25,10.510000228881836
2017-04-26,10.569999694824219
2017-04-27,10.609999656677246
2017-04-28,10.649999618530273
2017-05-01,10.59000015258789
2017-05-02,10.640000343322754
2017-05-03,10.670000076293945
2017-05-04,10.619999885559082
2017-05-05,10.579999923706055
2017-05-08,10.59000015258789
2017-05-09,10.640000343322754
2017-05-10,10.569999694824219
2017-05-11,10.550000190734863
2017-05-12,10.569999694824219
2017-05-15,10.600000381469727
2017-05-16,10.600000381469727
2017-05-17,10.359999656677246
2017-05-18,10.350000381469727
2017-05-19,10.449999809265137
2017-05-22,10.4399995803833
2017-05-23,10.470000267028809
2017-05-24,10.460000038146973
2017-05-25,10.489999771118164
2017-05-26,10.489999771118164
2017-05-30,10.489999771118164
2017-05-31,10.470000267028809
2017-06-01,10.520000457763672
2017-06-02,10.520000457763672
2017-06-05,10.609999656677246
2017-06-06,10.579999923706055
2017-06-07,10.609999656677246
2017-06-08,10.630000114440918
2017-06-09,10.59000015258789
2017-06-12,10.529999732971191
2017-06-13,10.579999923706055
2017-06-14,10.600000381469727
2017-06-15,10.510000228881836
2017-06-16,10.449999809265137
2017-06-19,10.609999656677246
2017-06-20,10.539999961853027
2017-06-21,10.609999656677246
2017-06-22,10.529999732971191
2017-06-23,10.649999618530273
2017-06-26,10.59000015258789
2017-06-27,10.59000015258789
2017-06-28,10.619999885559082
2017-06-29,10.579999923706055
2017-06-30,10.600000381469727
2017-07-03,10.579999923706055
2017-07-05,10.5
2017-07-06,10.460000038146973
2017-07-07,10.529999732971191
2017-07-10,10.90999984741211
2017-07-11,10.899999618530273
2017-07-12,10.970000267028809
2017-07-13,10.930000305175781
2017-07-14,11.0
2017-07-17,11.029999732971191
2017-07-18,11.0600004196167
2017-07-19,11.0600004196167
2017-07-20,11.100000381469727
2017-07-21,11.140000343322754
2017-07-24,11.149999618530273
2017-07-25,11.149999618530273
2017-07-26,11.109999656677246
2017-07-27,11.119999885559082
2017-07-28,11.140000343322754
2017-07-31,11.1899995803833
2017-08-01,11.260000228881836
2017-08-02,11.3100004196167
2017-08-03,11.210000038146973
2017-08-04,11.220000267028809
2017-08-07,11.300000190734863
2017-08-08,11.289999961853027
2017-08-09,11.25
2017-08-10,11.029999732971191
2017-08-11,11.15999984741211
2017-08-14,11.199999809265137
2017-08-15,11.180000305175781
2017-08-16,11.239999771118164
2017-08-17,11.149999618530273
2017-08-18,11.100000381469727
2017-08-21,11.039999961853027
2017-08-22,11.119999885559082
2017-08-23,11.119999885559082
2017-08-24,11.140000343322754
2017-08-25,11.1899995803833
2017-08-28,11.149999618530273
2017-08-29,11.140000343322754
2017-08-30,11.199999809265137
2017-08-31,11.25
2017-09-01,11.369999885559082
2017-09-05,11.260000228881836
2017-09-06,11.239999771118164
2017-09-07,11.239999771118164
2017-09-08,11.25
2017-09-11,11.300000190734863
2017-09-12,11.34000015258789
2017-09-13,11.399999618530273
2017-09-14,11.369999885559082
2017-09-15,11.390000343322754
2017-09-18,11.40999984741211
2017-09-19,11.380000114440918
2017-09-20,11.390000343322754
2017-09-21,11.300000190734863
2017-09-22,11.25
2017-09-25,11.119999885559082
2017-09-26,11.079999923706055
2017-09-27,11.0
2017-09-28,11.09000015258789
2017-09-29,11.15999984741211
2017-10-02,11.239999771118164
2017-10-03,11.239999771118164
2017-10-04,11.25
2017-10-05,11.34000015258789
2017-10-06,11.300000190734863
2017-10-09,11.329999923706055
2017-10-10,11.329999923706055
2017-10-11,11.359999656677246
2017-10-12,11.380000114440918
2017-10-13,11.460000038146973
2017-10-16,11.489999771118164
2017-10-17,11.489999771118164
2017-10-18,11.489999771118164
2017-10-19,11.359999656677246
2017-10-20,11.460000038146973
2017-10-23,11.380000114440918
2017-10-24,11.380000114440918
2017-10-25,11.289999961853027
2017-10-26,11.220000267028809
2017-10-27,11.25
2017-10-30,11.319999694824219
2017-10-31,11.420000076293945
2017-11-01,11.5
2017-11-02,11.489999771118164
2017-11-03,11.539999961853027
2017-11-06,11.550000190734863
2017-11-07,11.550000190734863
2017-11-08,11.600000381469727
2017-11-09,11.529999732971191
2017-11-10,11.649999618530273
2017-11-13,10.970000267028809
2017-11-14,10.819999694824219
2017-11-15,10.710000038146973
2017-11-16,10.880000114440918
2017-11-17,10.829999923706055
2017-11-20,10.989999771118164
2017-11-21,11.0600004196167
2017-11-22,11.09000015258789
2017-11-24,11.260000228881836
2017-11-27,11.180000305175781
2017-11-28,11.119999885559082
2017-11-29,10.989999771118164
2017-11-30,10.960000038146973
2017-12-01,10.899999618530273
2017-12-04,10.789999961853027
2017-12-05,10.720000267028809
2017-12-06,10.680000305175781
2017-12-07,10.670000076293945
2017-12-08,10.670000076293945
2017-12-11,10.789999961853027
2017-12-12,10.8100004196167
2017-12-13,10.760000228881836
2017-12-14,10.75
2017-12-15,10.829999923706055
2017-12-18,10.760000228881836
2017-12-19,10.789999961853027
2017-12-20,10.770000457763672
2017-12-21,10.829999923706055
2017-12-22,10.949999809265137
2017-12-26,10.90999984741211
2017-12-27,10.859999656677246
2017-12-28,10.899999618530273
2017-12-29,10.880000114440918
2018-01-02,11.020000457763672
2018-01-03,11.069999694824219
2018-01-04,11.140000343322754
2018-01-05,11.180000305175781
2018-01-08,11.210000038146973
2018-01-09,11.270000457763672
2018-01-10,11.199999809265137
2018-01-11,11.260000228881836
2018-01-12,11.34000015258789
2018-01-16,11.239999771118164
2018-01-17,11.199999809265137
2018-01-18,11.180000305175781
2018-01-19,11.149999618530273
2018-01-22,11.25
2018-01-23,11.369999885559082
2018-01-24,11.4399995803833
2018-01-25,11.4399995803833
2018-01-26,11.460000038146973
2018-01-29,11.489999771118164
2018-01-30,11.399999618530273
2018-01-31,11.40999984741211
2018-02-01,11.449999809265137
2018-02-02,11.210000038146973
2018-02-05,10.930000305175781
2018-02-06,10.9399995803833
2018-02-07,10.880000114440918
2018-02-08,10.6899995803833
2018-02-09,10.720000267028809
2018-02-12,10.739999771118164
2018-02-13,10.800000190734863
2018-02-14,11.0
2018-02-15,11.130000114440918
2018-02-16,11.109999656677246
2018-02-20,10.989999771118164
2018-02-21,10.930000305175781
2018-02-22,10.890000343322754
2018-02-23,10.970000267028809
2018-02-26,11.079999923706055
2018-02-27,11.010000228881836
2018-02-28,11.010000228881836
2018-03-01,11.0600004196167
2018-03-02,11.100000381469727
2018-03-05,11.050000190734863
2018-03-06,11.010000228881836
2018-03-07,11.020000457763672
2018-03-08,11.0600004196167
2018-03-09,11.170000076293945
2018-03-12,11.270000457763672
2018-03-13,11.369999885559082
2018-03-14,11.359999656677246
2018-03-15,11.329999923706055
2018-03-16,11.180000305175781
2018-03-19,11.020000457763672
2018-03-20,11.069999694824219
2018-03-21,11.09000015258789
2018-03-22,10.970000267028809
2018-03-23,10.6899995803833
2018-03-26,10.880000114440918
2018-03-27,10.699999809265137
2018-03-28,10.720000267028809
2018-03-29,10.699999809265137
2018-04-02,10.479999542236328
2018-04-03,10.539999961853027
2018-04-04,10.59000015258789
2018-04-05,10.699999809265137
2018-04-06,10.600000381469727
2018-04-09,10.720000267028809
2018-04-10,10.829999923706055
2018-04-11,10.880000114440918
2018-04-12,10.890000343322754
2018-04-13,10.890000343322754
2018-04-16,10.949999809265137
2018-04-17,11.0
2018-04-18,11.0
2018-04-19,10.84000015258789
2018-04-20,10.75
2018-04-23,10.739999771118164
2018-04-24,10.600000381469727
2018-04-25,10.59000015258789
2018-04-26,10.680000305175781
2018-04-27,10.770000457763672
2018-04-30,10.619999885559082
2018-05-01,10.710000038146973
2018-05-02,10.729999542236328
2018-05-03,10.720000267028809
2018-05-04,10.819999694824219
2018-05-07,10.819999694824219
2018-05-08,10.850000381469727
2018-05-09,10.890000343322754
2018-05-10,10.960000038146973
2018-05-11,11.020000457763672
2018-05-14,11.039999961853027
2018-05-15,10.989999771118164
2018-05-16,11.0
2018-05-17,11.0
2018-05-18,10.890000343322754
2018-05-21,10.970000267028809
2018-05-22,10.869999885559082
2018-05-23,10.850000381469727
2018-05-24,10.9399995803833
2018-05-25,10.920000076293945
2018-05-29,10.899999618530273
2018-05-30,10.989999771118164
2018-05-31,10.989999771118164
2018-06-01,11.050000190734863
2018-06-04,11.039999961853027
2018-06-05,11.050000190734863
2018-06-06,11.079999923706055
2018-06-07,11.0600004196167
2018-06-08,11.100000381469727
2018-06-11,11.119999885559082
2018-06-12,11.15999984741211
2018-06-13,11.199999809265137
2018-06-14,11.260000228881836
2018-06-15,11.270000457763672
2018-06-18,11.170000076293945
2018-06-19,11.140000343322754
2018-06-20,11.15999984741211
2018-06-21,11.170000076293945
2018-06-22,11.1899995803833
2018-06-25,11.050000190734863
2018-06-26,11.029999732971191
2018-06-27,10.989999771118164
2018-06-28,10.930000305175781
2018-06-29,10.979999542236328
2018-07-02,11.039999961853027
2018-07-03,11.039999961853027
2018-07-05,11.010000228881836
2018-07-06,11.050000190734863
2018-07-09,11.09000015258789
2018-07-10,11.100000381469727
2018-07-11,11.079999923706055
2018-07-12,11.130000114440918
2018-07-13,11.170000076293945
2018-07-16,11.199999809265137
2018-07-17,11.229999542236328
2018-07-18,11.289999961853027
2018-07-19,11.239999771118164
2018-07-20,11.210000038146973
2018-07-23,11.239999771118164
2018-07-24,11.239999771118164
2018-07-25,11.25
2018-07-26,11.25
2018-07-27,11.229999542236328
2018-07-30,11.149999618530273
2018-07-31,11.199999809265137
2018-08-01,11.229999542236328
2018-08-02,11.210000038146973
2018-08-03,11.239999771118164
2018-08-06,11.300000190734863
2018-08-07,11.359999656677246
2018-08-08,11.359999656677246
2018-08-09,11.369999885559082
2018-08-10,11.359999656677246
2018-08-13,11.329999923706055
2018-08-14,11.34000015258789
2018-08-15,11.270000457763672
2018-08-16,11.329999923706055
2018-08-17,11.319999694824219
2018-08-20,11.239999771118164
2018-08-21,11.289999961853027
2018-08-22,11.300000190734863
2018-08-23,11.260000228881836
2018-08-24,11.270000457763672
2018-08-27,11.319999694824219
2018-08-28,11.319999694824219
2018-08-29,11.350000381469727
2018-08-30,11.329999923706055
2018-08-31,11.34000015258789
2018-09-04,11.380000114440918
2018-09-05,11.34000015258789
2018-09-06,11.289999961853027
2018-09-07,11.220000267028809
2018-09-10,11.229999542236328
2018-09-11,11.180000305175781
2018-09-12,11.199999809265137
2018-09-13,11.15999984741211
2018-09-14,11.130000114440918
2018-09-17,11.100000381469727
2018-09-18,11.119999885559082
2018-09-19,11.069999694824219
2018-09-20,11.069999694824219
2018-09-21,11.029999732971191
2018-09-24,10.920000076293945
2018-09-25,10.90999984741211
2018-09-26,10.930000305175781
2018-09-27,10.920000076293945
2018-09-28,10.84000015258789
2018-10-01,10.899999618530273
2018-10-02,10.8100004196167
2018-10-03,10.800000190734863
2018-10-04,10.5600004196167
2018-10-05,10.319999694824219
2018-10-08,10.270000457763672
2018-10-09,10.220000267028809
2018-10-10,10.010000228881836
2018-10-11,9.880000114440918
2018-10-12,10.0600004196167
2018-10-15,10.0600004196167
2018-10-16,10.229999542236328
2018-10-17,10.300000190734863
2018-10-18,9.979999542236328
2018-10-19,10.039999961853027
2018-10-22,9.869999885559082
2018-10-23,9.800000190734863
2018-10-24,9.600000381469727
2018-10-25,9.760000228881836
2018-10-26,9.5600004196167
2018-10-29,9.479999542236328
2018-10-30,9.4399995803833
2018-10-31,9.5600004196167
2018-11-01,9.770000457763672
2018-11-02,9.739999771118164
2018-11-05,9.710000038146973
2018-11-06,9.770000457763672
2018-11-07,10.0
2018-11-08,10.039999961853027
2018-11-09,9.890000343322754
2018-11-12,9.699999809265137
2018-11-13,9.720000267028809
2018-11-14,9.5600004196167
2018-11-15,9.579999923706055
2018-11-16,9.470000267028809
2018-11-19,9.289999961853027
2018-11-20,9.069999694824219
2018-11-21,9.149999618530273
2018-11-23,9.170000076293945
2018-11-26,9.289999961853027
2018-11-27,9.300000190734863
2018-11-28,9.479999542236328
2018-11-29,9.609999656677246
2018-11-30,9.640000343322754
2018-12-03,9.800000190734863
2018-12-04,9.539999961853027
2018-12-06,9.460000038146973
2018-12-07,9.34000015258789
2018-12-10,9.140000343322754
2018-12-11,9.039999961853027
2018-12-12,9.079999923706055
2018-12-13,9.0600004196167
2018-12-14,8.829999923706055
2018-12-17,8.640000343322754
2018-12-18,8.609999656677246
2018-12-19,8.510000228881836
2018-12-20,8.109999656677246
2018-12-21,7.860000133514404
2018-12-24,7.650000095367432
2018-12-26,7.949999809265137
2018-12-27,8.050000190734863
2018-12-28,8.25
2018-12-31,8.229999542236328
2019-01-02,8.420000076293945
2019-01-03,8.369999885559082
2019-01-04,8.430000305175781
2019-01-07,8.59000015258789
2019-01-08,8.710000038146973
2019-01-09,8.800000190734863
2019-01-10,8.880000114440918
2019-01-11,8.859999656677246
2019-01-14,8.859999656677246
2019-01-15,8.9399995803833
2019-01-16,9.069999694824219
2019-01-17,9.119999885559082
2019-01-18,9.069999694824219
2019-01-22,8.930000305175781
2019-01-23,8.949999809265137
2019-01-24,8.960000038146973
2019-01-25,9.050000190734863
2019-01-28,8.989999771118164
2019-01-29,8.979999542236328
2019-01-30,9.149999618530273
2019-01-31,9.260000228881836
2019-02-01,9.34000015258789
2019-02-04,9.350000381469727
2019-02-05,9.430000305175781
2019-02-06,9.489999771118164
2019-02-07,9.359999656677246
2019-02-08,9.369999885559082
2019-02-11,9.399999618530273
2019-02-12,9.470000267028809
2019-02-13,9.460000038146973
2019-02-14,9.479999542236328
2019-02-15,9.470000267028809
2019-02-19,9.399999618530273
2019-02-20,9.4399995803833
2019-02-21,9.470000267028809
2019-02-22,9.550000190734863
2019-02-25,9.579999923706055
2019-02-26,9.640000343322754
2019-02-27,9.630000114440918
2019-02-28,9.550000190734863
2019-03-01,9.670000076293945
2019-03-04,9.729999542236328
2019-03-05,9.720000267028809
2019-03-06,9.600000381469727
2019-03-07,9.569999694824219
2019-03-08,9.520000457763672
2019-03-11,9.579999923706055
2019-03-12,9.59000015258789
2019-03-13,9.630000114440918
2019-03-14,9.649999618530273
2019-03-15,9.75
2019-03-18,9.779999732971191
2019-03-19,9.800000190734863
2019-03-20,9.6899995803833
2019-03-21,9.779999732971191
2019-03-22,9.579999923706055
2019-03-25,9.59000015258789
2019-03-26,9.600000381469727
2019-03-27,9.5600004196167
2019-03-28,9.59000015258789
2019-03-29,9.65999984741211
2019-04-01,9.770000457763672
2019-04-02,9.800000190734863
2019-04-03,9.789999961853027
2019-04-04,9.760000228881836
2019-04-05,9.760000228881836
2019-04-08,9.760000228881836
2019-04-09,9.720000267028809
2019-04-10,9.760000228881836
2019-04-11,9.760000228881836
2019-04-12,9.729999542236328
2019-04-15,9.729999542236328
2019-04-16,9.75
2019-04-17,9.75
2019-04-18,9.619999885559082
2019-04-22,9.59000015258789
2019-04-23,9.65999984741211
2019-04-24,9.680000305175781
2019-04-25,9.670000076293945
2019-04-26,9.699999809265137
2019-04-29,9.760000228881836
2019-04-30,9.8100004196167
2019-05-01,9.850000381469727
2019-05-02,9.770000457763672
2019-05-03,9.890000343322754
2019-05-06,9.890000343322754
2019-05-07,9.680000305175781
2019-05-08,9.699999809265137
2019-05-09,9.720000267028809
2019-05-10,9.710000038146973
2019-05-13,9.489999771118164
2019-05-14,9.609999656677246
2019-05-15,9.579999923706055
2019-05-16,9.630000114440918
2019-05-17,9.630000114440918
2019-05-20,9.449999809265137
2019-05-21,9.619999885559082
2019-05-22,9.59000015258789
2019-05-23,9.510000228881836
2019-05-24,9.520000457763672
2019-05-28,9.470000267028809
2019-05-29,9.380000114440918
2019-05-30,9.350000381469727
2019-05-31,9.260000228881836
2019-06-03,9.289999961853027
2019-06-04,9.390000343322754
2019-06-05,9.390000343322754
2019-06-06,9.460000038146973
2019-06-07,9.449999809265137
2019-06-10,9.529999732971191
2019-06-11,9.5600004196167
2019-06-12,9.5
2019-06-13,9.510000228881836
2019-06-14,9.40999984741211
2019-06-17,9.319999694824219
2019-06-18,9.390000343322754
2019-06-19,9.369999885559082
2019-06-20,9.390000343322754
2019-06-21,9.359999656677246
2019-06-24,9.300000190734863
2019-06-25,9.229999542236328
2019-06-26,9.25
2019-06-27,9.289999961853027
2019-06-28,9.350000381469727
2019-07-01,9.34000015258789
2019-07-02,9.319999694824219
2019-07-03,9.369999885559082
2019-07-05,9.380000114440918
2019-07-08,9.359999656677246
2019-07-09,9.34000015258789
2019-07-10,9.40999984741211
2019-07-11,9.359999656677246
2019-07-12,9.470000267028809
2019-07-15,9.449999809265137
2019-07-16,9.449999809265137
2019-07-17,9.420000076293945
2019-07-18,9.40999984741211
2019-07-19,9.420000076293945
2019-07-22,9.529999732971191
2019-07-23,9.529999732971191
2019-07-24,9.569999694824219
2019-07-25,9.479999542236328
2019-07-26,9.479999542236328
2019-07-29,9.470000267028809
2019-07-30,9.460000038146973
2019-07-31,9.449999809265137
2019-08-01,9.40999984741211
2019-08-02,9.369999885559082
2019-08-05,9.180000305175781
2019-08-06,9.260000228881836
2019-08-07,9.149999618530273
2019-08-08,9.279999732971191
2019-08-09,9.279999732971191
2019-08-12,9.270000457763672
2019-08-13,9.279999732971191
2019-08-14,9.210000038146973
2019-08-15,9.229999542236328
2019-08-16,9.40999984741211
2019-08-19,9.369999885559082
2019-08-20,9.289999961853027
2019-08-21,9.270000457763672
2019-08-22,9.279999732971191
2019-08-23,9.220000267028809
2019-08-26,9.210000038146973
2019-08-27,9.170000076293945
2019-08-28,9.199999809265137
2019-08-29,9.270000457763672
2019-08-30,9.3100004196167
2019-09-03,9.329999923706055
2019-09-04,9.430000305175781
2019-09-05,9.460000038146973
2019-09-06,9.4399995803833
2019-09-09,9.449999809265137
2019-09-10,9.34000015258789
2019-09-11,9.350000381469727
2019-09-12,9.380000114440918
2019-09-13,9.470000267028809
2019-09-16,9.449999809265137
2019-09-17,9.4399995803833
2019-09-18,9.449999809265137
2019-09-19,9.380000114440918
2019-09-20,9.380000114440918
2019-09-23,9.380000114440918
2019-09-24,9.369999885559082
2019-09-25,9.34000015258789
2019-09-26,9.319999694824219
2019-09-27,9.199999809265137
2019-09-30,9.140000343322754
2019-10-01,9.140000343322754
2019-10-02,8.979999542236328
2019-10-03,9.050000190734863
2019-10-04,9.0600004196167
2019-10-07,9.0600004196167
2019-10-08,9.0
2019-10-09,9.050000190734863
2019-10-10,9.029999732971191
2019-10-11,9.100000381469727
2019-10-14,9.069999694824219
2019-10-15,9.100000381469727
2019-10-16,9.0600004196167
2019-10-17,9.050000190734863
2019-10-18,8.9399995803833
2019-10-21,8.960000038146973
2019-10-22,8.979999542236328
2019-10-23,8.949999809265137
2019-10-24,8.979999542236328
2019-10-25,9.079999923706055
2019-10-28,9.0600004196167
2019-10-29,9.149999618530273
2019-10-30,9.199999809265137
2019-10-31,9.1899995803833
2019-11-01,9.289999961853027
2019-11-04,9.3100004196167
2019-11-05,9.300000190734863
2019-11-06,9.300000190734863
2019-11-07,9.34000015258789
2019-11-08,9.350000381469727
2019-11-11,9.289999961853027
2019-11-12,9.34000015258789
2019-11-13,9.359999656677246
2019-11-14,9.319999694824219
2019-11-15,9.34000015258789
2019-11-18,9.34000015258789
2019-11-19,9.300000190734863
2019-11-20,9.300000190734863
2019-11-21,9.319999694824219
2019-11-22,9.350000381469727
2019-11-25,9.329999923706055
2019-11-26,9.34000015258789
2019-11-27,9.390000343322754
2019-11-29,9.390000343322754
2019-12-02,9.390000343322754
2019-12-03,9.289999961853027
2019-12-04,9.369999885559082
2019-12-05,9.329999923706055
2019-12-06,9.399999618530273
2019-12-09,9.34000015258789
2019-12-10,9.289999961853027
2019-12-11,9.350000381469727
2019-12-12,9.369999885559082
2019-12-13,9.380000114440918
2019-12-16,9.460000038146973
2019-12-17,9.460000038146973
2019-12-18,9.479999542236328
2019-12-19,9.569999694824219
2019-12-20,9.550000190734863
2019-12-23,9.59000015258789
2019-12-24,9.520000457763672
2019-12-26,9.510000228881836
2019-12-27,9.510000228881836
2019-12-30,9.420000076293945
2019-12-31,9.4399995803833
2020-01-02,9.510000228881836
2020-01-03,9.470000267028809
2020-01-06,9.489999771118164
2020-01-07,9.539999961853027
2020-01-08,9.600000381469727
2020-01-09,9.649999618530273
2020-01-10,9.720000267028809
2020-01-13,9.779999732971191
2020-01-14,9.899999618530273
2020-01-15,10.010000228881836
2020-01-16,10.020000457763672
2020-01-17,9.880000114440918
2020-01-21,9.9399995803833
2020-01-22,10.0
2020-01-23,9.949999809265137
2020-01-24,9.829999923706055
2020-01-27,9.729999542236328
2020-01-28,9.84000015258789
2020-01-29,9.819999694824219
2020-01-30,9.819999694824219
2020-01-31,9.720000267028809
2020-02-03,9.8100004196167
2020-02-04,9.979999542236328
2020-02-05,10.010000228881836
2020-02-06,10.029999732971191
2020-02-07,10.010000228881836
2020-02-10,10.069999694824219
2020-02-11,10.119999885559082
2020-02-12,10.119999885559082
2020-02-13,10.140000343322754
2020-02-14,10.100000381469727
2020-02-18,10.0
2020-02-19,10.100000381469727
2020-02-20,10.140000343322754
2020-02-21,10.149999618530273
2020-02-24,9.779999732971191
2020-02-25,9.460000038146973
2020-02-26,9.479999542236328
2020-02-27,9.119999885559082
2020-02-28,8.979999542236328
2020-03-02,9.380000114440918
2020-03-03,9.4399995803833
2020-03-04,9.829999923706055
2020-03-05,9.600000381469727
2020-03-06,9.399999618530273
2020-03-09,8.760000228881836
2020-03-10,8.970000267028809
2020-03-11,8.279999732971191
2020-03-12,7.28000020980835
2020-03-13,7.730000019073486
2020-03-16,6.989999771118164
2020-03-17,7.179999828338623
2020-03-18,5.639999866485596
2020-03-19,6.0
2020-03-20,6.28000020980835
2020-03-23,5.900000095367432
2020-03-24,6.730000019073486
2020-03-25,7.010000228881836
2020-03-26,7.329999923706055
2020-03-27,7.170000076293945
2020-03-30,7.210000038146973
2020-03-31,7.170000076293945
2020-04-01,6.809999942779541
2020-04-02,6.840000152587891
2020-04-03,6.570000171661377
2020-04-06,6.960000038146973
2020-04-07,7.0
2020-04-08,7.199999809265137
2020-04-09,7.440000057220459
2020-04-13,7.429999828338623
2020-04-14,7.559999942779541
2020-04-15,7.599999904632568
2020-04-16,7.690000057220459
2020-04-17,7.699999809265137
2020-04-20,7.690000057220459
2020-04-21,7.610000133514404
2020-04-22,7.699999809265137
2020-04-23,7.679999828338623
2020-04-24,7.75
2020-04-27,7.889999866485596
2020-04-28,7.829999923706055
2020-04-29,7.989999771118164
2020-04-30,7.920000076293945
2020-05-01,7.760000228881836
2020-05-04,7.679999828338623
2020-05-05,7.730000019073486
2020-05-06,7.730000019073486
2020-05-07,7.849999904632568
2020-05-08,7.96999979019165
2020-05-11,8.100000381469727
2020-05-12,7.989999771118164
2020-05-13,7.809999942779541
2020-05-14,7.78000020980835
2020-05-15,7.840000152587891
2020-05-18,8.069999694824219
2020-05-19,7.989999771118164
2020-05-20,8.0600004196167
2020-05-21,8.020000457763672
2020-05-22,8.050000190734863
2020-05-26,8.140000343322754
2020-05-27,8.199999809265137
2020-05-28,8.149999618530273
2020-05-29,8.1899995803833
2020-06-01,8.369999885559082
2020-06-02,8.470000267028809
2020-06-03,8.640000343322754
2020-06-04,8.609999656677246
2020-06-05,8.75
2020-06-08,8.890000343322754
2020-06-09,8.930000305175781
2020-06-10,8.899999618530273
2020-06-11,8.40999984741211
2020-06-12,8.489999771118164
2020-06-15,8.569999694824219
2020-06-16,8.729999542236328
2020-06-17,8.75
2020-06-18,8.6899995803833
2020-06-19,8.6899995803833
2020-06-22,8.739999771118164
2020-06-23,8.760000228881836
2020-06-24,8.65999984741211
2020-06-25,8.699999809265137
2020-06-26,8.59000015258789
2020-06-29,8.579999923706055
2020-06-30,8.710000038146973
2020-07-01,8.850000381469727
2020-07-02,8.880000114440918
2020-07-06,9.020000457763672
2020-07-07,9.020000457763672
2020-07-08,9.1899995803833
2020-07-09,9.229999542236328
2020-07-10,9.329999923706055
2020-07-13,9.140000343322754
2020-07-14,9.220000267028809
2020-07-15,9.260000228881836
2020-07-16,9.300000190734863
2020-07-17,9.3100004196167
2020-07-20,9.270000457763672
2020-07-21,9.399999618530273
2020-07-22,9.390000343322754
2020-07-23,9.260000228881836
2020-07-24,9.260000228881836
2020-07-27,9.239999771118164
2020-07-28,9.15999984741211
2020-07-29,9.289999961853027
2020-07-30,9.260000228881836
2020-07-31,9.380000114440918
2020-08-03,9.520000457763672
2020-08-04,9.579999923706055
2020-08-05,9.680000305175781
2020-08-06,9.6899995803833
2020-08-07,9.65999984741211
2020-08-10,9.699999809265137
2020-08-11,9.670000076293945
2020-08-12,9.699999809265137
2020-08-13,9.609999656677246
2020-08-14,9.5600004196167
2020-08-17,9.609999656677246
2020-08-18,9.699999809265137
2020-08-19,9.609999656677246
2020-08-20,9.520000457763672
2020-08-21,9.5
2020-08-24,9.579999923706055
2020-08-25,9.600000381469727
2020-08-26,9.59000015258789
2020-08-27,9.550000190734863
2020-08-28,9.600000381469727
2020-08-31,9.680000305175781
2020-09-01,9.680000305175781
2020-09-02,9.739999771118164
2020-09-03,9.5600004196167
2020-09-04,9.5
2020-09-08,9.210000038146973
2020-09-09,9.390000343322754
2020-09-10,9.210000038146973
2020-09-11,9.199999809265137
2020-09-14,9.390000343322754
2020-09-15,9.529999732971191
2020-09-16,9.5
2020-09-17,9.319999694824219
2020-09-18,9.289999961853027
2020-09-21,9.119999885559082
2020-09-22,9.220000267028809
2020-09-23,9.020000457763672
2020-09-24,9.010000228881836
2020-09-25,9.0
2020-09-28,9.1899995803833
2020-09-29,9.1899995803833
2020-09-30,9.34000015258789
2020-10-01,9.420000076293945
2020-10-02,9.430000305175781
2020-10-05,9.5600004196167
2020-10-06,9.5
2020-10-07,9.699999809265137
2020-10-08,9.720000267028809
2020-10-09,9.8100004196167
2020-10-12,9.949999809265137
2020-10-13,9.970000267028809
2020-10-14,9.949999809265137
2020-10-15,9.850000381469727
2020-10-16,9.880000114440918
2020-10-19,9.630000114440918
2020-10-20,9.600000381469727
2020-10-21,9.510000228881836
2020-10-22,9.430000305175781
2020-10-23,9.380000114440918
2020-10-26,9.229999542236328
2020-10-27,9.140000343322754
2020-10-28,8.960000038146973
2020-10-29,8.989999771118164
2020-10-30,8.84000015258789
2020-11-02,8.829999923706055
2020-11-03,8.979999542236328
2020-11-04,9.260000228881836
2020-11-05,9.649999618530273
2020-11-06,9.65999984741211
2020-11-09,9.729999542236328
2020-11-10,9.59000015258789
2020-11-11,9.579999923706055
2020-11-12,9.5600004196167
2020-11-13,9.869999885559082
2020-11-16,9.880000114440918
2020-11-17,10.020000457763672
2020-11-18,9.989999771118164
2020-11-19,9.920000076293945
2020-11-20,9.930000305175781
2020-11-23,10.029999732971191
2020-11-24,10.119999885559082
2020-11-25,10.15999984741211
2020-11-27,10.300000190734863
2020-11-30,10.369999885559082
2020-12-01,10.479999542236328
2020-12-02,10.579999923706055
2020-12-03,10.609999656677246
2020-12-04,10.729999542236328
2020-12-07,10.829999923706055
2020-12-08,10.9399995803833
2020-12-09,10.949999809265137
2020-12-10,10.9399995803833
2020-12-11,10.970000267028809
2020-12-14,11.029999732971191
2020-12-15,11.109999656677246
2020-12-16,11.149999618530273
2020-12-17,11.25
2020-12-18,11.100000381469727
2020-12-21,11.180000305175781
2020-12-22,11.180000305175781
2020-12-23,11.210000038146973
2020-12-24,11.199999809265137
2020-12-28,11.180000305175781
2020-12-29,11.0600004196167
2020-12-30,11.069999694824219
2020-12-31,11.109999656677246
2021-01-04,11.09000015258789
2021-01-05,11.220000267028809
2021-01-06,11.319999694824219
2021-01-07,11.520000457763672
2021-01-08,11.739999771118164
2021-01-11,11.819999694824219
2021-01-12,11.920000076293945
2021-01-13,11.880000114440918
2021-01-14,12.079999923706055
2021-01-15,12.050000190734863
2021-01-19,12.079999923706055
2021-01-20,12.109999656677246
2021-01-21,12.119999885559082
2021-01-22,12.15999984741211
2021-01-25,12.229999542236328
2021-01-26,12.270000457763672
2021-01-27,12.010000228881836
2021-01-28,11.989999771118164
2021-01-29,11.710000038146973
2021-02-01,11.920000076293945
2021-02-02,12.100000381469727
2021-02-03,12.3100004196167
2021-02-04,12.399999618530273
2021-02-05,12.390000343322754
2021-02-08,12.600000381469727
2021-02-09,12.710000038146973
2021-02-10,12.699999809265137
2021-02-11,12.75
2021-02-12,12.9399995803833
2021-02-16,12.949999809265137
2021-02-17,12.800000190734863
2021-02-18,12.699999809265137
2021-02-19,12.649999618530273
2021-02-22,12.630000114440918
2021-02-23,12.539999961853027
2021-02-24,12.609999656677246
2021-02-25,12.1899995803833
2021-02-26,12.180000305175781
