Date,Mid
4/23/21,1.20938
4/22/21,1.20139
4/21/21,1.20343
4/20/21,1.20342
4/19/21,1.20367
4/16/21,1.19805
4/15/21,1.19655
4/14/21,1.19784
4/13/21,1.19474
4/12/21,1.19099
4/9/21,1.18977
4/8/21,1.19124
4/7/21,1.18657
4/6/21,1.1874
4/5/21,1.18125
4/2/21,1.17603
4/1/21,1.17759
3/31/21,1.17298
3/30/21,1.17169
3/29/21,1.17642
3/26/21,1.17918
3/25/21,1.17635
3/24/21,1.1812
3/23/21,1.18492
3/22/21,1.19323
3/19/21,1.19031
3/18/21,1.19132
3/17/21,1.19779
3/16/21,1.19017
3/15/21,1.19286
3/12/21,1.19476
3/11/21,1.19844
3/10/21,1.19284
3/9/21,1.19001
3/8/21,1.1846
3/5/21,1.19128
3/4/21,1.19692
3/3/21,1.20627
3/2/21,1.20898
3/1/21,1.20488
2/26/21,1.20704
2/25/21,1.2174
2/24/21,1.21664
2/23/21,1.21493
2/22/21,1.21551
2/19/21,1.21167
2/18/21,1.20908
2/17/21,1.20372
2/16/21,1.21053
2/15/21,1.21274
2/12/21,1.21177
2/11/21,1.21303
2/10/21,1.21172
2/9/21,1.21172
2/8/21,1.20482
2/5/21,1.20481
2/4/21,1.1962
2/3/21,1.20351
2/2/21,1.20428
2/1/21,1.20594
1/29/21,1.21298
1/28/21,1.21201
1/27/21,1.21096
1/26/21,1.21597
1/25/21,1.21363
1/22/21,1.21667
1/21/21,1.2164
1/20/21,1.21044
1/19/21,1.21284
1/18/21,1.20749
1/15/21,1.20748
1/14/21,1.2153
1/13/21,1.21568
1/12/21,1.22062
1/11/21,1.21496
1/8/21,1.22174
1/7/21,1.2271
1/6/21,1.23239
1/5/21,1.22957
1/4/21,1.22473
1/1/21,1.22141
12/31/20,1.22141
12/30/20,1.22952
12/29/20,1.22478
12/28/20,1.2216
12/25/20,1.21922
12/24/20,1.21844
12/23/20,1.2185
12/22/20,1.2161
12/21/20,1.22432
12/18/20,1.22559
12/17/20,1.22656
12/16/20,1.21985
12/15/20,1.21505
12/14/20,1.21432
12/11/20,1.21086
12/10/20,1.21398
12/9/20,1.20799
12/8/20,1.21022
12/7/20,1.21091
12/4/20,1.21202
12/3/20,1.21454
12/2/20,1.21132
12/1/20,1.20692
11/30/20,1.19256
11/27/20,1.1962
11/26/20,1.19127
11/25/20,1.19157
11/24/20,1.18905
11/23/20,1.18399
11/20/20,1.18544
11/19/20,1.18745
11/18/20,1.18526
11/17/20,1.18612
11/16/20,1.18516
11/13/20,1.1831
11/12/20,1.18041
11/11/20,1.17771
11/10/20,1.18127
11/9/20,1.18127
11/6/20,1.187
11/5/20,1.18268
11/4/20,1.17244
11/3/20,1.1715
11/2/20,1.16404
10/30/20,1.16431
10/29/20,1.16731
10/28/20,1.17457
10/27/20,1.1795
10/26/20,1.18086
10/23/20,1.18572
10/22/20,1.18177
10/21/20,1.18598
10/20/20,1.18211
10/19/20,1.17695
10/16/20,1.17132
10/15/20,1.17073
10/14/20,1.17452
10/13/20,1.1744
10/12/20,1.1812
10/9/20,1.18248
10/8/20,1.17582
10/7/20,1.17604
10/6/20,1.17334
10/5/20,1.17825
10/2/20,1.17157
10/1/20,1.1746
9/30/20,1.1721
9/29/20,1.17426
9/28/20,1.1665
9/25/20,1.16277
9/24/20,1.16708
9/23/20,1.16595
9/22/20,1.17077
9/21/20,1.17707
9/18/20,1.18385
9/17/20,1.18477
9/16/20,1.18155
9/15/20,1.18462
9/14/20,1.18643
9/11/20,1.18453
9/10/20,1.18146
9/9/20,1.18025
9/8/20,1.17737
9/7/20,1.18133
9/4/20,1.18371
9/3/20,1.18512
9/2/20,1.18547
9/1/20,1.19113
8/31/20,1.19361
8/28/20,1.19018
8/27/20,1.18215
8/26/20,1.18298
8/25/20,1.18343
8/24/20,1.17873
8/21/20,1.17949
8/20/20,1.18599
8/19/20,1.18385
8/18/20,1.19305
8/17/20,1.18698
8/14/20,1.18414
8/13/20,1.18131
8/12/20,1.17835
8/11/20,1.17395
8/10/20,1.17371
8/7/20,1.17862
8/6/20,1.18763
8/5/20,1.18629
8/4/20,1.18028
8/3/20,1.17617
7/31/20,1.17753
7/30/20,1.18467
7/29/20,1.17907
7/28/20,1.1715
7/27/20,1.1751
7/24/20,1.16546
7/23/20,1.15959
7/22/20,1.15695
7/21/20,1.15265
7/20/20,1.14472
7/17/20,1.14269
7/16/20,1.13834
7/15/20,1.14113
7/14/20,1.13993
7/13/20,1.13435
7/10/20,1.1299
7/9/20,1.12846
7/8/20,1.13293
7/7/20,1.12727
7/6/20,1.13089
7/3/20,1.12464
7/2/20,1.12388
7/1/20,1.12507
6/30/20,1.12336
6/29/20,1.1241
6/26/20,1.1217
6/25/20,1.1217
6/24/20,1.12503
6/23/20,1.13074
6/22/20,1.12597
6/19/20,1.11759
6/18/20,1.12055
6/17/20,1.12432
6/16/20,1.12631
6/15/20,1.13228
6/12/20,1.1255
6/11/20,1.12989
6/10/20,1.13729
6/9/20,1.13395
6/8/20,1.12937
6/5/20,1.12911
6/4/20,1.1337
6/3/20,1.12328
6/2/20,1.11693
6/1/20,1.11353
5/29/20,1.11036
5/28/20,1.10767
5/27/20,1.10026
5/26/20,1.09816
5/25/20,1.0895
5/22/20,1.0898
5/21/20,1.09484
5/20/20,1.09771
5/19/20,1.09221
5/18/20,1.09154
5/15/20,1.08183
5/14/20,1.0804
5/13/20,1.08176
5/12/20,1.08472
5/11/20,1.08061
5/8/20,1.08371
5/7/20,1.08331
5/6/20,1.0793
5/5/20,1.08377
5/4/20,1.09058
5/1/20,1.09777
4/30/20,1.09539
4/29/20,1.08724
4/28/20,1.08186
4/27/20,1.08286
4/24/20,1.08196
4/23/20,1.0776
4/22/20,1.08229
4/21/20,1.08564
4/20/20,1.08607
4/17/20,1.08711
4/16/20,1.08386
4/15/20,1.09066
4/14/20,1.09798
4/13/20,1.0912
4/10/20,1.09326
4/9/20,1.09285
4/8/20,1.08564
4/7/20,1.08904
4/6/20,1.0792
4/3/20,1.07955
4/2/20,1.08561
4/1/20,1.09616
3/31/20,1.10299
3/30/20,1.10427
3/27/20,1.11379
3/26/20,1.10302
3/25/20,1.08812
3/24/20,1.07861
3/23/20,1.07239
3/20/20,1.06929
3/19/20,1.06911
3/18/20,1.0912
3/17/20,1.09971
3/16/20,1.1182
3/13/20,1.10992
3/12/20,1.11848
3/11/20,1.12682
3/10/20,1.12794
3/9/20,1.1439
3/6/20,1.12804
3/5/20,1.12361
3/4/20,1.11328
3/3/20,1.11716
3/2/20,1.11331
2/28/20,1.10251
2/27/20,1.09998
2/26/20,1.08813
2/25/20,1.08806
2/24/20,1.08519
2/21/20,1.08456
2/20/20,1.07838
2/19/20,1.08022
2/18/20,1.07907
2/17/20,1.08345
2/14/20,1.08299
2/13/20,1.08408
2/12/20,1.08728
2/11/20,1.09143
2/10/20,1.09105
2/7/20,1.09438
2/6/20,1.09827
2/5/20,1.09989
2/4/20,1.10434
2/3/20,1.10593
1/31/20,1.10944
1/30/20,1.10312
1/29/20,1.10098
1/28/20,1.1022
1/27/20,1.10184
1/24/20,1.10224
1/23/20,1.10542
1/22/20,1.1092
1/21/20,1.10819
1/20/20,1.10944
1/17/20,1.1089
1/16/20,1.11358
1/15/20,1.11495
1/14/20,1.11274
1/13/20,1.11338
1/10/20,1.11165
1/9/20,1.11051
1/8/20,1.11053
1/7/20,1.11526
1/6/20,1.11968
1/3/20,1.11548
1/2/20,1.11722
1/1/20,1.12076
12/31/19,1.12076
12/30/19,1.11985
12/27/19,1.11713
12/26/19,1.10974
12/25/19,1.10821
12/24/19,1.10879
12/23/19,1.10895
12/20/19,1.10769
12/19/19,1.11199
12/18/19,1.11127
12/17/19,1.11487
12/16/19,1.11435
12/13/19,1.11174
12/12/19,1.11286
12/11/19,1.11294
12/10/19,1.10919
12/9/19,1.10635
12/6/19,1.10543
12/5/19,1.11042
12/4/19,1.10775
12/3/19,1.10809
12/2/19,1.10784
11/29/19,1.1015
11/28/19,1.10067
11/27/19,1.09989
11/26/19,1.10194
11/25/19,1.10126
11/22/19,1.10179
11/21/19,1.10581
11/20/19,1.10723
11/19/19,1.1078
11/18/19,1.10718
11/15/19,1.10494
11/14/19,1.10204
11/13/19,1.10053
11/12/19,1.10088
11/11/19,1.10323
11/8/19,1.10176
11/7/19,1.10497
11/6/19,1.10658
11/5/19,1.10742
11/4/19,1.11272
11/1/19,1.11641
10/31/19,1.11513
10/30/19,1.11501
10/29/19,1.11118
10/28/19,1.10991
10/25/19,1.1079
10/24/19,1.11037
10/23/19,1.11297
10/22/19,1.11243
10/21/19,1.11487
10/18/19,1.11703
10/17/19,1.11234
10/16/19,1.1071
10/15/19,1.1032
10/14/19,1.10248
10/11/19,1.10329
10/10/19,1.1005
10/9/19,1.0971
10/8/19,1.0956
10/7/19,1.09703
10/4/19,1.0976
10/3/19,1.09627
10/2/19,1.0959
10/1/19,1.09311
9/30/19,1.08991
9/27/19,1.09367
9/26/19,1.09187
9/25/19,1.09413
9/24/19,1.10193
9/23/19,1.09925
9/20/19,1.10169
9/19/19,1.10408
9/18/19,1.10298
9/17/19,1.10725
9/16/19,1.09991
9/13/19,1.10707
9/12/19,1.10643
9/11/19,1.10102
9/10/19,1.10432
9/9/19,1.10477
9/6/19,1.1025
9/5/19,1.1034
9/4/19,1.10348
9/3/19,1.09726
9/2/19,1.09682
8/30/19,1.0988
8/29/19,1.10563
8/28/19,1.1077
8/27/19,1.10901
8/26/19,1.11008
8/23/19,1.1136
8/22/19,1.10799
8/21/19,1.10845
8/20/19,1.10998
8/19/19,1.10778
8/16/19,1.10899
8/15/19,1.11065
8/14/19,1.11377
8/13/19,1.1171
8/12/19,1.12131
8/9/19,1.11969
8/8/19,1.11802
8/7/19,1.1198
8/6/19,1.1198
8/5/19,1.12033
8/2/19,1.11057
8/1/19,1.10847
7/31/19,1.10749
7/30/19,1.11545
7/29/19,1.11443
7/26/19,1.11247
7/25/19,1.11462
7/24/19,1.11399
7/23/19,1.11517
7/22/19,1.12094
7/19/19,1.12192
7/18/19,1.12765
7/17/19,1.12242
7/16/19,1.12103
7/15/19,1.12577
7/12/19,1.12698
7/11/19,1.12529
7/10/19,1.12503
7/9/19,1.12078
7/8/19,1.12142
7/5/19,1.12235
7/4/19,1.12847
7/3/19,1.12774
7/2/19,1.12847
7/1/19,1.12851
6/28/19,1.13681
6/27/19,1.13689
6/26/19,1.13678
6/25/19,1.13651
6/24/19,1.13978
6/21/19,1.13679
6/20/19,1.12916
6/19/19,1.12259
6/18/19,1.11936
6/17/19,1.12178
6/14/19,1.1205
6/13/19,1.12761
6/12/19,1.12871
6/11/19,1.1326
6/10/19,1.13113
6/7/19,1.13334
6/6/19,1.12753
6/5/19,1.12208
6/4/19,1.12515
6/3/19,1.12414
5/31/19,1.11678
5/30/19,1.11291
5/29/19,1.1131
5/28/19,1.11598
5/27/19,1.1191
5/24/19,1.12043
5/23/19,1.11815
5/22/19,1.11501
5/21/19,1.11604
5/20/19,1.11655
5/17/19,1.11563
5/16/19,1.11736
5/15/19,1.12008
5/14/19,1.12033
5/13/19,1.12216
5/10/19,1.12329
5/9/19,1.12138
5/8/19,1.11909
5/7/19,1.11912
5/6/19,1.1198
5/3/19,1.12007
5/2/19,1.11714
5/1/19,1.11953
4/30/19,1.12145
4/29/19,1.11854
4/26/19,1.11429
4/25/19,1.11309
4/24/19,1.11519
4/23/19,1.12268
4/22/19,1.12566
4/19/19,1.12408
4/18/19,1.12279
4/17/19,1.12944
4/16/19,1.12804
4/15/19,1.1303
4/12/19,1.12976
4/11/19,1.12513
4/10/19,1.12731
4/9/19,1.12612
4/8/19,1.12616
4/5/19,1.12142
4/4/19,1.12199
4/3/19,1.1232
4/2/19,1.1204
4/1/19,1.12122
3/29/19,1.12179
3/28/19,1.12211
3/27/19,1.12435
3/26/19,1.12654
3/25/19,1.13119
3/22/19,1.13004
3/21/19,1.13734
3/20/19,1.1413
3/19/19,1.13507
3/18/19,1.13388
3/15/19,1.1324
3/14/19,1.13034
3/13/19,1.13268
3/12/19,1.12861
3/11/19,1.1244
3/8/19,1.12311
3/7/19,1.11929
3/6/19,1.13061
3/5/19,1.13073
3/4/19,1.13394
3/1/19,1.13633
2/28/19,1.13704
2/27/19,1.13693
2/26/19,1.13888
2/25/19,1.13568
2/22/19,1.13319
2/21/19,1.13333
2/20/19,1.13359
2/19/19,1.134
2/18/19,1.13081
2/15/19,1.12925
2/14/19,1.12947
2/13/19,1.12602
2/12/19,1.13251
2/11/19,1.12754
2/8/19,1.13207
2/7/19,1.1339
2/6/19,1.13618
2/5/19,1.14054
2/4/19,1.14353
2/1/19,1.14547
1/31/19,1.14467
1/30/19,1.14786
1/29/19,1.14307
1/28/19,1.14271
1/25/19,1.14032
1/24/19,1.1302
1/23/19,1.13808
1/22/19,1.13595
1/21/19,1.13658
1/18/19,1.13614
1/17/19,1.1388
1/16/19,1.13911
1/15/19,1.14121
1/14/19,1.14679
1/11/19,1.14656
1/10/19,1.14994
1/9/19,1.15417
1/8/19,1.14406
1/7/19,1.1474
1/4/19,1.13943
1/3/19,1.13924
1/2/19,1.13432
1/1/19,1.14627
12/31/18,1.14644
12/28/18,1.14414
12/27/18,1.14285
12/26/18,1.13507
12/25/18,1.13988
12/24/18,1.13988
12/21/18,1.13684
12/20/18,1.14451
12/19/18,1.13752
12/18/18,1.13595
12/17/18,1.13472
12/14/18,1.13045
12/13/18,1.1356
12/12/18,1.13681
12/11/18,1.13154
12/10/18,1.13552
12/7/18,1.13758
12/6/18,1.1372
12/5/18,1.13443
12/4/18,1.13415
12/3/18,1.13528
11/30/18,1.13164
11/29/18,1.13924
11/28/18,1.1366
11/27/18,1.12867
11/26/18,1.13275
11/23/18,1.13355
11/22/18,1.14002
11/21/18,1.13838
11/20/18,1.13696
11/19/18,1.14526
11/16/18,1.14185
11/15/18,1.13249
11/14/18,1.13081
11/13/18,1.12899
11/12/18,1.12177
11/9/18,1.13342
11/8/18,1.13629
11/7/18,1.14251
11/6/18,1.14261
11/5/18,1.14066
11/2/18,1.1386
11/1/18,1.14077
10/31/18,1.13115
10/30/18,1.13436
10/29/18,1.13721
10/26/18,1.14021
10/25/18,1.13745
10/24/18,1.13914
10/23/18,1.14696
10/22/18,1.14636
10/19/18,1.15142
10/18/18,1.14522
10/17/18,1.14999
10/16/18,1.15732
10/15/18,1.15785
10/12/18,1.15571
10/11/18,1.15931
10/10/18,1.15185
10/9/18,1.14899
10/8/18,1.14908
10/5/18,1.15174
10/4/18,1.15136
10/3/18,1.14766
10/2/18,1.15461
10/1/18,1.15778
9/28/18,1.16019
9/27/18,1.16404
9/26/18,1.17379
9/25/18,1.17659
9/24/18,1.17473
9/21/18,1.17473
9/20/18,1.17766
9/19/18,1.16721
9/18/18,1.16651
9/17/18,1.1683
9/14/18,1.16227
9/13/18,1.16897
9/12/18,1.16253
9/11/18,1.16046
9/10/18,1.15924
9/7/18,1.1552
9/6/18,1.16227
9/5/18,1.16292
9/4/18,1.15805
9/3/18,1.16181
8/31/18,1.15997
8/30/18,1.16708
8/29/18,1.17065
8/28/18,1.16938
8/27/18,1.16778
8/24/18,1.16205
8/23/18,1.15377
8/22/18,1.15962
8/21/18,1.15701
8/20/18,1.14809
8/17/18,1.14379
8/16/18,1.13762
8/15/18,1.13447
8/14/18,1.13434
8/13/18,1.14096
8/10/18,1.1409
8/9/18,1.15267
8/8/18,1.16097
8/7/18,1.1598
8/6/18,1.15533
8/3/18,1.1567
8/2/18,1.1584
8/1/18,1.16595
7/31/18,1.16908
7/30/18,1.17052
7/27/18,1.16559
7/26/18,1.16424
7/25/18,1.17281
7/24/18,1.16857
7/23/18,1.16915
7/20/18,1.17196
7/19/18,1.16412
7/18/18,1.16381
7/17/18,1.16607
7/16/18,1.17109
7/13/18,1.16843
7/12/18,1.16707
7/11/18,1.16726
7/10/18,1.17441
7/9/18,1.17503
7/6/18,1.17444
7/5/18,1.16903
7/4/18,1.16556
7/3/18,1.16568
7/2/18,1.16391
6/29/18,1.16847
6/28/18,1.15684
6/27/18,1.15531
6/26/18,1.16466
6/25/18,1.17034
6/22/18,1.16561
6/21/18,1.16032
6/20/18,1.15708
6/19/18,1.15883
6/18/18,1.16221
6/15/18,1.16059
6/14/18,1.15679
6/13/18,1.17911
6/12/18,1.17446
6/11/18,1.17833
6/8/18,1.17666
6/7/18,1.17988
6/6/18,1.17735
6/5/18,1.17173
6/4/18,1.16982
6/1/18,1.16584
5/31/18,1.16918
5/30/18,1.16635
5/29/18,1.15395
5/28/18,1.16242
5/25/18,1.16478
5/24/18,1.17192
5/23/18,1.16952
5/22/18,1.17784
5/21/18,1.17912
5/18/18,1.17689
5/17/18,1.17936
5/16/18,1.18068
5/15/18,1.18376
5/14/18,1.19261
5/11/18,1.19395
5/10/18,1.19149
5/9/18,1.18502
5/8/18,1.18641
5/7/18,1.1922
5/4/18,1.1955
5/3/18,1.19881
5/2/18,1.19504
5/1/18,1.19924
4/30/18,1.20777
4/27/18,1.21291
4/26/18,1.21032
4/25/18,1.21605
4/24/18,1.2232
4/23/18,1.22084
4/20/18,1.22846
4/19/18,1.23453
4/18/18,1.23736
4/17/18,1.23696
4/16/18,1.23791
4/13/18,1.23282
4/12/18,1.23264
4/11/18,1.23666
4/10/18,1.23555
4/9/18,1.23204
4/6/18,1.22792
4/5/18,1.22397
4/4/18,1.22776
4/3/18,1.22705
4/2/18,1.2301
3/30/18,1.232
3/29/18,1.23002
3/28/18,1.23085
3/27/18,1.24022
3/26/18,1.24436
3/23/18,1.23522
3/22/18,1.23017
3/21/18,1.23378
3/20/18,1.22413
3/19/18,1.23348
3/16/18,1.22889
3/15/18,1.23043
3/14/18,1.23673
3/13/18,1.23894
3/12/18,1.23339
3/9/18,1.23041
3/8/18,1.23104
3/7/18,1.2411
3/6/18,1.24038
3/5/18,1.23356
3/2/18,1.23186
3/1/18,1.22671
2/28/18,1.21939
2/27/18,1.22328
2/26/18,1.23169
2/23/18,1.22937
2/22/18,1.23305
2/21/18,1.22829
2/20/18,1.23373
2/19/18,1.24065
2/16/18,1.24041
2/15/18,1.25058
2/14/18,1.24486
2/13/18,1.23503
2/12/18,1.22914
2/9/18,1.2251
2/8/18,1.22465
2/7/18,1.22626
2/6/18,1.23766
2/5/18,1.23661
2/2/18,1.24559
2/1/18,1.25076
1/31/18,1.2413
1/30/18,1.24023
1/29/18,1.23823
1/26/18,1.24283
1/25/18,1.23928
1/24/18,1.24076
1/23/18,1.22982
1/22/18,1.22614
1/19/18,1.22145
1/18/18,1.22377
1/17/18,1.21851
1/16/18,1.22601
1/15/18,1.22634
1/12/18,1.21993
1/11/18,1.20319
1/10/18,1.19471
1/9/18,1.19363
1/8/18,1.19666
1/5/18,1.20304
1/4/18,1.2068
1/3/18,1.20141
1/2/18,1.20583
1/1/18,1.19985
12/29/17,1.19985
12/28/17,1.19422
12/27/17,1.18872
12/26/17,1.18581
12/25/17,1.18755
12/22/17,1.18607
12/21/17,1.18734
12/20/17,1.18707
12/19/17,1.18389
12/18/17,1.17813
12/15/17,1.17492
12/14/17,1.17773
12/13/17,1.18256
12/12/17,1.17413
12/11/17,1.17685
12/8/17,1.1772
12/7/17,1.17725
12/6/17,1.17952
12/5/17,1.18259
12/4/17,1.18655
12/1/17,1.18942
11/30/17,1.19036
11/29/17,1.18468
11/28/17,1.18387
11/27/17,1.18982
11/24/17,1.19286
11/23/17,1.18491
11/22/17,1.18215
11/21/17,1.17378
11/20/17,1.17328
11/17/17,1.17879
11/16/17,1.17697
11/15/17,1.17907
11/14/17,1.17975
11/13/17,1.1667
11/10/17,1.16638
11/9/17,1.16412
11/8/17,1.15943
11/7/17,1.15857
11/6/17,1.16093
11/3/17,1.1606
11/2/17,1.16579
11/1/17,1.16183
10/31/17,1.16454
10/30/17,1.16505
10/27/17,1.16083
10/26/17,1.16503
10/25/17,1.18125
10/24/17,1.17609
10/23/17,1.17485
10/20/17,1.17817
10/19/17,1.18518
10/18/17,1.1787
10/17/17,1.17658
10/16/17,1.17956
10/13/17,1.18191
10/12/17,1.18294
10/11/17,1.1858
10/10/17,1.18076
10/9/17,1.17401
10/6/17,1.17299
10/5/17,1.17105
10/4/17,1.17587
10/3/17,1.17432
10/2/17,1.17324
9/29/17,1.18137
9/28/17,1.17855
9/27/17,1.17446
9/26/17,1.17925
9/25/17,1.18476
9/22/17,1.19466
9/21/17,1.19408
9/20/17,1.18924
9/19/17,1.1994
9/18/17,1.19535
9/15/17,1.19447
9/14/17,1.19186
9/13/17,1.18848
9/12/17,1.19662
9/11/17,1.19522
9/8/17,1.20347
9/7/17,1.20226
9/6/17,1.19166
9/5/17,1.19135
9/4/17,1.18965
9/1/17,1.18597
8/31/17,1.19093
8/30/17,1.18832
8/29/17,1.19717
8/28/17,1.19784
8/25/17,1.19219
8/24/17,1.1799
8/23/17,1.18066
8/22/17,1.17612
8/21/17,1.18145
8/18/17,1.17591
8/17/17,1.17226
8/16/17,1.17665
8/15/17,1.17344
8/14/17,1.17786
8/11/17,1.18199
8/10/17,1.17714
8/9/17,1.17586
8/8/17,1.17509
8/7/17,1.17951
8/4/17,1.1773
8/3/17,1.1869
8/2/17,1.18555
8/1/17,1.18014
7/31/17,1.18414
7/28/17,1.17478
7/27/17,1.16753
7/26/17,1.17332
7/25/17,1.16467
7/24/17,1.16413
7/21/17,1.16622
7/20/17,1.16304
7/19/17,1.15142
7/18/17,1.15538
7/17/17,1.1478
7/14/17,1.14685
7/13/17,1.13973
7/12/17,1.14116
7/11/17,1.14674
7/10/17,1.13991
7/7/17,1.13996
7/6/17,1.14229
7/5/17,1.13513
7/4/17,1.13427
7/3/17,1.13641
6/30/17,1.14251
6/29/17,1.14402
6/28/17,1.13775
6/27/17,1.13385
6/26/17,1.11815
6/23/17,1.11918
6/22/17,1.11516
6/21/17,1.1168
6/20/17,1.11336
6/19/17,1.11483
6/16/17,1.11968
6/15/17,1.1145
6/14/17,1.1217
6/13/17,1.12107
6/12/17,1.12029
6/9/17,1.11941
6/8/17,1.12122
6/7/17,1.12554
6/6/17,1.12771
6/5/17,1.12541
6/2/17,1.12825
6/1/17,1.12122
5/31/17,1.12431
5/30/17,1.11856
5/29/17,1.11624
5/26/17,1.11799
5/25/17,1.12102
5/24/17,1.12185
5/23/17,1.11826
5/22/17,1.12372
5/19/17,1.12065
5/18/17,1.11028
5/17/17,1.11584
5/16/17,1.10826
5/15/17,1.09749
5/12/17,1.0931
5/11/17,1.08612
5/10/17,1.08673
5/9/17,1.0873
5/8/17,1.09235
5/5/17,1.0995
5/4/17,1.09845
5/3/17,1.08856
5/2/17,1.09293
5/1/17,1.08982
4/28/17,1.08961
4/27/17,1.08718
4/26/17,1.09037
4/25/17,1.09258
4/24/17,1.08672
4/21/17,1.07237
4/20/17,1.07165
4/19/17,1.07101
4/18/17,1.07296
4/17/17,1.06424
4/14/17,1.06105
4/13/17,1.06131
4/12/17,1.06651
4/11/17,1.06042
4/10/17,1.05957
4/7/17,1.05889
4/6/17,1.06438
4/5/17,1.06627
4/4/17,1.06729
4/3/17,1.06691
3/31/17,1.06528
3/30/17,1.06744
3/29/17,1.07655
3/28/17,1.08125
3/27/17,1.08638
3/24/17,1.07969
3/23/17,1.0783
3/22/17,1.07963
3/21/17,1.08097
3/20/17,1.07393
3/17/17,1.07382
3/16/17,1.07652
3/15/17,1.07339
3/14/17,1.06035
3/13/17,1.06536
3/10/17,1.06728
3/9/17,1.05766
3/8/17,1.05402
3/7/17,1.05663
3/6/17,1.05807
3/3/17,1.06203
3/2/17,1.05064
3/1/17,1.05471
2/28/17,1.05762
2/27/17,1.05859
2/24/17,1.05595
2/23/17,1.05815
2/22/17,1.05573
2/21/17,1.05366
2/20/17,1.06108
2/17/17,1.06114
2/16/17,1.06733
2/15/17,1.05999
2/14/17,1.05774
2/13/17,1.05979
2/10/17,1.06397
2/9/17,1.06545
2/8/17,1.06983
2/7/17,1.0683
2/6/17,1.07494
2/3/17,1.07818
2/2/17,1.07578
2/1/17,1.07681
1/31/17,1.07974
1/30/17,1.06948
1/27/17,1.06958
1/26/17,1.06827
1/25/17,1.0747
1/24/17,1.0731
1/23/17,1.07634
1/20/17,1.0699
1/19/17,1.06634
1/18/17,1.06293
1/17/17,1.07135
1/16/17,1.05986
1/13/17,1.0642
1/12/17,1.06123
1/11/17,1.05822
1/10/17,1.0554
1/9/17,1.05726
1/6/17,1.0529
1/5/17,1.06058
1/4/17,1.04889
1/3/17,1.04054
1/2/17,1.04542
12/30/16,1.0515
12/29/16,1.04894
12/28/16,1.04112
12/27/16,1.04553
12/26/16,1.04511
12/23/16,1.04532
12/22/16,1.0436
12/21/16,1.04237
12/20/16,1.03882
12/19/16,1.04027
12/16/16,1.04483
12/15/16,1.04131
12/14/16,1.05335
12/13/16,1.06246
12/12/16,1.06342
12/9/16,1.05591
12/8/16,1.06144
12/7/16,1.07526
12/6/16,1.07185
12/5/16,1.07635
12/2/16,1.06632
12/1/16,1.06607
11/30/16,1.05881
11/29/16,1.06492
11/28/16,1.06133
11/25/16,1.05901
11/24/16,1.05518
11/23/16,1.05534
11/22/16,1.0626
11/21/16,1.06272
11/18/16,1.05866
11/17/16,1.06262
11/16/16,1.06906
11/15/16,1.07206
11/14/16,1.07364
11/11/16,1.08516
11/10/16,1.08914
11/9/16,1.09094
11/8/16,1.10256
11/7/16,1.10401
11/4/16,1.11378
11/3/16,1.11042
11/2/16,1.10972
11/1/16,1.10552
10/31/16,1.098
10/28/16,1.09824
10/27/16,1.08952
10/26/16,1.09076
10/25/16,1.08879
10/24/16,1.08811
10/21/16,1.08818
10/20/16,1.09292
10/19/16,1.09736
10/18/16,1.09807
10/17/16,1.09995
10/14/16,1.09715
10/13/16,1.1055
10/12/16,1.10062
10/11/16,1.10529
10/10/16,1.11375
10/7/16,1.11986
10/6/16,1.11497
10/5/16,1.12044
10/4/16,1.12027
10/3/16,1.12104
9/30/16,1.12392
9/29/16,1.12213
9/28/16,1.12172
9/27/16,1.12146
9/26/16,1.12532
9/23/16,1.12237
9/22/16,1.1208
9/21/16,1.1187
9/20/16,1.11503
9/19/16,1.11736
9/16/16,1.11509
9/15/16,1.12436
9/14/16,1.12487
9/13/16,1.12184
9/12/16,1.12348
9/9/16,1.12318
9/8/16,1.12596
9/7/16,1.12392
9/6/16,1.1255
9/5/16,1.11468
9/2/16,1.11539
9/1/16,1.11965
8/31/16,1.11574
8/30/16,1.1143
8/29/16,1.11885
8/26/16,1.11951
8/25/16,1.1284
8/24/16,1.12636
8/23/16,1.13052
8/22/16,1.132
8/19/16,1.13216
8/18/16,1.13529
8/17/16,1.12883
8/16/16,1.1278
8/15/16,1.11832
8/12/16,1.11621
8/11/16,1.11372
8/10/16,1.11753
8/9/16,1.11163
8/8/16,1.10877
8/5/16,1.10854
8/4/16,1.11273
8/3/16,1.11491
8/2/16,1.12215
8/1/16,1.11611
7/29/16,1.11726
7/28/16,1.10755
7/27/16,1.10579
7/26/16,1.09862
7/25/16,1.09947
7/22/16,1.09754
7/21/16,1.10243
7/20/16,1.10134
7/19/16,1.10195
7/18/16,1.10749
7/15/16,1.10295
7/14/16,1.11169
7/13/16,1.10892
7/12/16,1.10599
7/11/16,1.10564
7/8/16,1.10497
7/7/16,1.10617
7/6/16,1.10996
7/5/16,1.10746
7/4/16,1.11523
7/1/16,1.11365
6/30/16,1.11064
6/29/16,1.11235
6/28/16,1.10633
6/27/16,1.10238
6/24/16,1.10913
6/23/16,1.13798
6/22/16,1.1296
6/21/16,1.1242
6/20/16,1.13103
6/17/16,1.12732
6/16/16,1.12237
6/15/16,1.12588
6/14/16,1.12068
6/13/16,1.12901
6/10/16,1.12498
6/9/16,1.13147
6/8/16,1.13942
6/7/16,1.13567
6/6/16,1.13534
6/3/16,1.13658
6/2/16,1.11504
6/1/16,1.11878
5/31/16,1.11316
5/30/16,1.11365
5/27/16,1.11116
5/26/16,1.11935
5/25/16,1.11543
5/24/16,1.11405
5/23/16,1.12196
5/20/16,1.12222
5/19/16,1.12024
5/18/16,1.12159
5/17/16,1.13124
5/16/16,1.13191
5/13/16,1.13097
5/12/16,1.13762
5/11/16,1.14257
5/10/16,1.13715
5/9/16,1.13832
5/6/16,1.14021
5/5/16,1.14048
5/4/16,1.14851
5/3/16,1.14956
5/2/16,1.15336
4/29/16,1.14503
4/28/16,1.13514
4/27/16,1.13209
4/26/16,1.12954
4/25/16,1.12669
4/22/16,1.12227
4/21/16,1.12869
4/20/16,1.12965
4/19/16,1.13573
4/18/16,1.13123
4/15/16,1.12823
4/14/16,1.12676
4/13/16,1.12733
4/12/16,1.1384
4/11/16,1.14074
4/8/16,1.1395
4/7/16,1.1377
4/6/16,1.13986
4/5/16,1.1383
4/4/16,1.13885
4/1/16,1.13899
3/31/16,1.13783
3/30/16,1.13368
3/29/16,1.12901
3/28/16,1.1196
3/25/16,1.11624
3/24/16,1.11744
3/23/16,1.11799
3/22/16,1.12164
3/21/16,1.1241
3/18/16,1.12696
3/17/16,1.13177
3/16/16,1.12237
3/15/16,1.11087
3/14/16,1.11018
3/11/16,1.11468
3/10/16,1.11766
3/9/16,1.09994
3/8/16,1.10104
3/7/16,1.10133
3/4/16,1.10055
3/3/16,1.09562
3/2/16,1.08676
3/1/16,1.08659
2/29/16,1.08728
2/26/16,1.093
2/25/16,1.10176
2/24/16,1.10132
2/23/16,1.1019
2/22/16,1.10292
2/19/16,1.11284
2/18/16,1.11062
2/17/16,1.11267
2/16/16,1.11433
2/15/16,1.11544
2/12/16,1.12532
2/11/16,1.13224
2/10/16,1.1289
2/9/16,1.12923
2/8/16,1.11926
2/5/16,1.11561
2/4/16,1.12072
2/3/16,1.11029
2/2/16,1.09184
2/1/16,1.08877
1/29/16,1.083
1/28/16,1.09391
1/27/16,1.08932
1/26/16,1.08697
1/25/16,1.08486
1/22/16,1.07947
1/21/16,1.08733
1/20/16,1.08883
1/19/16,1.09073
1/18/16,1.0891
1/15/16,1.0915
1/14/16,1.08645
1/13/16,1.08769
1/12/16,1.0857
1/11/16,1.0859
1/8/16,1.09235
1/7/16,1.09292
1/6/16,1.078
1/5/16,1.07476
1/4/16,1.08296
1/1/16,1.08564
12/31/15,1.08564
12/30/15,1.09318
12/29/15,1.09195
12/28/15,1.09672
12/25/15,1.09646
12/24/15,1.09602
12/23/15,1.09111
12/22/15,1.0956
12/21/15,1.09142
12/18/15,1.08632
12/17/15,1.08254
12/16/15,1.09116
12/15/15,1.09284
12/14/15,1.09913
12/11/15,1.09928
12/10/15,1.09402
12/9/15,1.10238
12/8/15,1.08916
12/7/15,1.08369
12/4/15,1.08818
12/3/15,1.09387
12/2/15,1.06132
12/1/15,1.0632
11/30/15,1.05638
11/27/15,1.05923
11/26/15,1.06097
11/25/15,1.06247
11/24/15,1.06427
11/23/15,1.06362
11/20/15,1.0645
11/19/15,1.07332
11/18/15,1.06589
11/17/15,1.06419
11/16/15,1.06858
11/13/15,1.07701
11/12/15,1.08126
11/11/15,1.07423
11/10/15,1.07241
11/9/15,1.07511
11/6/15,1.07377
11/5/15,1.08833
11/4/15,1.08647
11/3/15,1.09625
11/2/15,1.10148
10/30/15,1.10033
10/29/15,1.09764
10/28/15,1.09224
10/27/15,1.10509
10/26/15,1.10576
10/23/15,1.10165
10/22/15,1.11083
10/21/15,1.13388
10/20/15,1.13459
10/19/15,1.13256
10/16/15,1.13466
10/15/15,1.1383
10/14/15,1.1474
10/13/15,1.13783
10/12/15,1.13581
10/9/15,1.13571
10/8/15,1.12758
10/7/15,1.12369
10/6/15,1.12706
10/5/15,1.11863
10/2/15,1.12077
10/1/15,1.11943
9/30/15,1.11764
9/29/15,1.12474
9/28/15,1.12437
9/25/15,1.11922
9/24/15,1.12291
9/23/15,1.11855
9/22/15,1.11188
9/21/15,1.1189
9/18/15,1.12974
9/17/15,1.14341
9/16/15,1.12894
9/15/15,1.12681
9/14/15,1.13158
9/11/15,1.13348
9/10/15,1.1279
9/9/15,1.12062
9/8/15,1.12018
9/7/15,1.11693
9/4/15,1.11499
9/3/15,1.11228
9/2/15,1.12256
9/1/15,1.13131
8/31/15,1.12099
8/28/15,1.118
8/27/15,1.12458
8/26/15,1.13126
8/25/15,1.15141
8/24/15,1.16176
8/21/15,1.13828
8/20/15,1.124
8/19/15,1.11198
8/18/15,1.10216
8/17/15,1.10777
8/14/15,1.11079
8/13/15,1.11491
8/12/15,1.11574
8/11/15,1.10416
8/10/15,1.10185
8/7/15,1.09647
8/6/15,1.0924
8/5/15,1.09056
8/4/15,1.08806
8/3/15,1.09491
7/31/15,1.0983
7/30/15,1.0931
7/29/15,1.09818
7/28/15,1.10596
7/27/15,1.10871
7/24/15,1.09812
7/23/15,1.09827
7/22/15,1.09286
7/21/15,1.09342
7/20/15,1.0825
7/17/15,1.08279
7/16/15,1.08731
7/15/15,1.09485
7/14/15,1.10083
7/13/15,1.10006
7/10/15,1.11519
7/9/15,1.10356
7/8/15,1.10758
7/7/15,1.10107
7/6/15,1.10556
7/3/15,1.11092
7/2/15,1.10832
7/1/15,1.10523
6/30/15,1.11445
6/29/15,1.12356
6/26/15,1.11625
6/25/15,1.12045
6/24/15,1.1204
6/23/15,1.11677
6/22/15,1.13402
6/19/15,1.13487
6/18/15,1.136
6/17/15,1.13372
6/16/15,1.12471
6/15/15,1.12826
6/12/15,1.12648
6/11/15,1.12573
6/10/15,1.13237
6/9/15,1.12822
6/8/15,1.12906
6/5/15,1.11124
6/4/15,1.12375
6/3/15,1.1274
6/2/15,1.11504
6/1/15,1.09259
5/29/15,1.09831
5/28/15,1.09474
5/27/15,1.09038
5/26/15,1.08719
5/25/15,1.09766
5/22/15,1.10074
5/21/15,1.11117
5/20/15,1.10937
5/19/15,1.11493
5/18/15,1.13141
5/15/15,1.14484
5/14/15,1.14097
5/13/15,1.13536
5/12/15,1.12127
5/11/15,1.11546
5/8/15,1.12015
5/7/15,1.12662
5/6/15,1.13459
5/5/15,1.11848
5/4/15,1.11454
5/1/15,1.11948
4/30/15,1.12236
4/29/15,1.1128
4/28/15,1.09802
4/27/15,1.08909
4/24/15,1.08706
4/23/15,1.08234
4/22/15,1.07248
4/21/15,1.07354
4/20/15,1.07374
4/17/15,1.08048
4/16/15,1.07605
4/15/15,1.06834
4/14/15,1.06541
4/13/15,1.05669
4/10/15,1.06022
4/9/15,1.06587
4/8/15,1.07805
4/7/15,1.08141
4/6/15,1.09217
4/3/15,1.09713
4/2/15,1.08795
4/1/15,1.07624
3/31/15,1.07308
3/30/15,1.08327
3/27/15,1.08874
3/26/15,1.08837
3/25/15,1.09698
3/24/15,1.09235
3/23/15,1.09456
3/20/15,1.0816
3/19/15,1.06585
3/18/15,1.08617
3/17/15,1.05972
3/16/15,1.05667
3/13/15,1.04943
3/12/15,1.06338
3/11/15,1.05466
3/10/15,1.06974
3/9/15,1.08512
3/6/15,1.0844
3/5/15,1.10293
3/4/15,1.10774
3/3/15,1.11755
3/2/15,1.11828
2/27/15,1.11933
2/26/15,1.1197
2/25/15,1.11974
2/24/15,1.13604
2/23/15,1.13393
2/20/15,1.1334
2/19/15,1.13773
2/18/15,1.13681
2/17/15,1.13967
2/16/15,1.14111
2/13/15,1.13533
2/12/15,1.13877
2/11/15,1.14027
2/10/15,1.1335
2/9/15,1.13203
2/6/15,1.13233
2/5/15,1.13128
2/4/15,1.14769
2/3/15,1.13428
2/2/15,1.14794
1/30/15,1.13412
1/29/15,1.1285
1/28/15,1.13195
1/27/15,1.12865
1/26/15,1.13804
1/23/15,1.12387
1/22/15,1.1202
1/21/15,1.13649
1/20/15,1.16097
1/19/15,1.15483
1/16/15,1.16069
1/15/15,1.15626
1/14/15,1.16301
1/13/15,1.1789
1/12/15,1.17727
1/9/15,1.18335
1/8/15,1.18406
1/7/15,1.17919
1/6/15,1.1839
1/5/15,1.1889
1/2/15,1.19324
1/1/15,1.20017
12/31/14,1.20976
12/30/14,1.20971
12/29/14,1.21547
12/26/14,1.21518
12/25/14,1.21777
12/24/14,1.22273
12/23/14,1.21953
12/22/14,1.21716
12/19/14,1.22289
12/18/14,1.22265
12/17/14,1.22861
12/16/14,1.23415
12/15/14,1.25101
12/12/14,1.24363
12/11/14,1.24595
12/10/14,1.24099
12/9/14,1.24476
12/8/14,1.23738
12/5/14,1.23172
12/4/14,1.22825
12/3/14,1.23786
12/2/14,1.2311
12/1/14,1.23827
11/28/14,1.24689
11/27/14,1.24497
11/26/14,1.24669
11/25/14,1.25055
11/24/14,1.2474
11/21/14,1.24421
11/20/14,1.23871
11/19/14,1.25389
11/18/14,1.25537
11/17/14,1.25362
11/14/14,1.24496
11/13/14,1.25249
11/12/14,1.24765
11/11/14,1.2438
11/10/14,1.24746
11/7/14,1.24206
11/6/14,1.24533
11/5/14,1.23746
11/4/14,1.24857
11/3/14,1.2546
10/31/14,1.24811
10/30/14,1.2522
10/29/14,1.25224
10/28/14,1.26129
10/27/14,1.26311
10/24/14,1.27342
10/23/14,1.2698
10/22/14,1.26688
10/21/14,1.26457
10/20/14,1.26483
10/17/14,1.27157
10/16/14,1.28
10/15/14,1.27589
10/14/14,1.28086
10/13/14,1.28374
10/10/14,1.26575
10/9/14,1.27514
10/8/14,1.26268
10/7/14,1.26902
10/6/14,1.27333
10/3/14,1.26687
10/2/14,1.26546
10/1/14,1.25145
9/30/14,1.26685
9/29/14,1.26223
9/26/14,1.263
9/25/14,1.26848
9/24/14,1.2682
9/23/14,1.27502
9/22/14,1.278
9/19/14,1.28464
9/18/14,1.28488
9/17/14,1.28281
9/16/14,1.29214
9/15/14,1.28644
9/12/14,1.29593
9/11/14,1.29397
9/10/14,1.29616
9/9/14,1.29235
9/8/14,1.29166
9/5/14,1.2937
9/4/14,1.28944
9/3/14,1.29505
9/2/14,1.29432
9/1/14,1.31496
8/29/14,1.31329
8/28/14,1.3128
8/27/14,1.31311
8/26/14,1.31817
8/25/14,1.31926
8/22/14,1.31669
8/21/14,1.31919
8/20/14,1.32392
8/19/14,1.32805
8/18/14,1.32587
8/15/14,1.33198
8/14/14,1.33634
8/13/14,1.33976
8/12/14,1.33646
8/11/14,1.3364
8/8/14,1.3369
8/7/14,1.3385
8/6/14,1.34085
8/5/14,1.33632
8/4/14,1.33824
8/1/14,1.33758
7/31/14,1.34217
7/30/14,1.34262
7/29/14,1.33901
7/28/14,1.33968
7/25/14,1.34085
7/24/14,1.34394
7/23/14,1.34285
7/22/14,1.34634
7/21/14,1.3463
7/18/14,1.34656
7/17/14,1.35235
7/16/14,1.35231
7/15/14,1.35263
7/14/14,1.35249
7/11/14,1.35675
7/10/14,1.36186
7/9/14,1.36054
7/8/14,1.36083
7/7/14,1.36412
7/4/14,1.36118
7/3/14,1.36042
7/2/14,1.35944
7/1/14,1.36097
6/30/14,1.36592
6/27/14,1.36786
6/26/14,1.3692
6/25/14,1.36482
6/24/14,1.36113
6/23/14,1.36289
6/20/14,1.36058
6/19/14,1.36041
6/18/14,1.35992
6/17/14,1.36066
6/16/14,1.35953
6/13/14,1.35471
6/12/14,1.35734
6/11/14,1.35354
6/10/14,1.35521
6/9/14,1.35312
6/6/14,1.35472
6/5/14,1.35936
6/4/14,1.36418
6/3/14,1.36603
6/2/14,1.35985
5/30/14,1.36276
5/29/14,1.35965
5/28/14,1.36331
5/27/14,1.36015
5/26/14,1.35905
5/23/14,1.36342
5/22/14,1.36455
5/21/14,1.36275
5/20/14,1.36556
5/19/14,1.36862
5/16/14,1.37011
5/15/14,1.37089
5/14/14,1.36926
5/13/14,1.37092
5/12/14,1.37144
5/9/14,1.37033
5/8/14,1.37571
5/7/14,1.37553
5/6/14,1.38396
5/5/14,1.391
5/2/14,1.39272
5/1/14,1.3875
4/30/14,1.38706
4/29/14,1.3869
4/28/14,1.38669
4/25/14,1.38117
4/24/14,1.3851
4/23/14,1.38329
4/22/14,1.38313
4/21/14,1.38166
4/18/14,1.38048
4/17/14,1.37927
4/16/14,1.38077
4/15/14,1.38133
4/14/14,1.38152
4/11/14,1.38144
4/10/14,1.38206
4/9/14,1.38843
4/8/14,1.38859
4/7/14,1.38551
4/4/14,1.37968
4/3/14,1.37415
4/2/14,1.37016
4/1/14,1.37199
3/31/14,1.37671
3/28/14,1.37926
3/27/14,1.3769
3/26/14,1.37504
3/25/14,1.37402
3/24/14,1.3781
3/21/14,1.38265
3/20/14,1.38386
3/19/14,1.37919
3/18/14,1.37784
3/17/14,1.38323
3/14/14,1.39338
3/13/14,1.39216
3/12/14,1.39126
3/11/14,1.38687
3/10/14,1.39029
3/7/14,1.38595
3/6/14,1.3876
3/5/14,1.38753
3/4/14,1.38608
3/3/14,1.37328
2/28/14,1.3743
2/27/14,1.37346
2/26/14,1.3799
2/25/14,1.38
2/24/14,1.37096
2/21/14,1.36865
2/20/14,1.37447
2/19/14,1.37347
2/18/14,1.37375
2/17/14,1.37184
2/14/14,1.37331
2/13/14,1.37583
2/12/14,1.37067
2/11/14,1.36914
2/10/14,1.36798
2/7/14,1.35933
2/6/14,1.36379
2/5/14,1.36456
2/4/14,1.36342
2/3/14,1.35897
1/31/14,1.35333
1/30/14,1.35181
1/29/14,1.35245
1/28/14,1.34827
1/27/14,1.34846
1/24/14,1.35547
1/23/14,1.36629
1/22/14,1.36707
1/21/14,1.36727
1/20/14,1.36737
1/17/14,1.3696
1/16/14,1.35473
1/15/14,1.35607
1/14/14,1.35514
1/13/14,1.35389
1/10/14,1.36197
1/9/14,1.36047
1/8/14,1.36789
1/7/14,1.36709
1/6/14,1.36661
1/3/14,1.36081
1/2/14,1.35754
1/1/14,1.36152
12/31/13,1.36277
12/30/13,1.35874
12/27/13,1.36718
12/26/13,1.3741
12/25/13,1.3741
12/24/13,1.38022
12/23/13,1.37478
12/20/13,1.36908
12/19/13,1.368
12/18/13,1.36757
12/17/13,1.36957
12/16/13,1.36703
12/13/13,1.36609
12/12/13,1.36832
12/11/13,1.37683
12/10/13,1.37602
12/9/13,1.374
12/6/13,1.37529
12/5/13,1.37859
12/4/13,1.3761
12/3/13,1.37388
12/2/13,1.37035
11/29/13,1.36673
11/28/13,1.35931
11/27/13,1.35888
11/26/13,1.35417
11/25/13,1.3589
11/22/13,1.35899
11/21/13,1.36047
11/20/13,1.35795
11/19/13,1.35721
11/18/13,1.35162
11/15/13,1.35564
11/14/13,1.34813
11/13/13,1.34382
11/12/13,1.35383
11/11/13,1.35055
11/8/13,1.34941
11/7/13,1.34586
11/6/13,1.34862
11/5/13,1.34355
11/4/13,1.34066
11/1/13,1.33648
10/31/13,1.34194
10/30/13,1.35126
10/29/13,1.3474
10/28/13,1.35139
10/25/13,1.34853
10/24/13,1.35832
10/23/13,1.37355
10/22/13,1.3745
10/21/13,1.37851
10/18/13,1.38019
10/17/13,1.38008
10/16/13,1.37757
10/15/13,1.37805
10/14/13,1.36793
10/11/13,1.36844
10/10/13,1.36755
10/9/13,1.35333
10/8/13,1.35234
10/7/13,1.35608
10/4/13,1.35406
10/3/13,1.35197
10/2/13,1.35239
10/1/13,1.35728
9/30/13,1.35803
9/27/13,1.35569
9/26/13,1.3618
9/25/13,1.35783
9/24/13,1.35261
9/23/13,1.35259
9/20/13,1.3521
9/19/13,1.34882
9/18/13,1.35255
9/17/13,1.34734
9/16/13,1.34927
9/13/13,1.3522
9/12/13,1.35288
9/11/13,1.35209
9/10/13,1.33578
9/9/13,1.33335
9/6/13,1.3293
9/5/13,1.3299
9/4/13,1.33103
9/3/13,1.32676
9/2/13,1.32548
8/30/13,1.31765
8/29/13,1.312
8/28/13,1.32068
8/27/13,1.31701
8/26/13,1.31906
8/23/13,1.32213
8/22/13,1.32208
8/21/13,1.32407
8/20/13,1.33393
8/19/13,1.33921
8/16/13,1.33686
8/15/13,1.33799
8/14/13,1.33563
8/13/13,1.33553
8/12/13,1.34168
8/9/13,1.33339
8/8/13,1.33283
8/7/13,1.3346
8/6/13,1.32549
8/5/13,1.32624
8/2/13,1.32995
8/1/13,1.33413
7/31/13,1.33808
7/30/13,1.3335
7/29/13,1.33045
7/26/13,1.32579
7/25/13,1.32805
7/24/13,1.32063
7/23/13,1.33025
7/22/13,1.32618
7/19/13,1.32617
7/18/13,1.32786
7/17/13,1.32767
7/16/13,1.32007
7/15/13,1.3223
7/12/13,1.31851
7/11/13,1.31427
7/10/13,1.3109
7/9/13,1.31248
7/8/13,1.31621
7/5/13,1.30617
7/4/13,1.30679
7/3/13,1.30964
7/2/13,1.29779
7/1/13,1.2781
6/28/13,1.28704
6/27/13,1.28303
6/26/13,1.29134
6/25/13,1.30092
6/24/13,1.2978
6/21/13,1.30637
6/20/13,1.30096
6/19/13,1.30385
6/18/13,1.30119
6/17/13,1.30812
6/14/13,1.31193
6/13/13,1.31215
6/12/13,1.32202
6/11/13,1.32937
6/10/13,1.3392
6/7/13,1.33666
6/6/13,1.33467
6/5/13,1.33759
6/4/13,1.33365
6/3/13,1.33129
5/31/13,1.32568
5/30/13,1.32187
5/29/13,1.32457
5/28/13,1.30927
5/27/13,1.30805
5/24/13,1.30757
5/23/13,1.29953
5/22/13,1.30481
5/21/13,1.29403
5/20/13,1.28547
5/17/13,1.29292
5/16/13,1.29323
5/15/13,1.29328
5/14/13,1.2858
5/13/13,1.29057
5/10/13,1.28809
5/9/13,1.28381
5/8/13,1.28812
5/7/13,1.28862
5/6/13,1.29189
5/3/13,1.29747
5/2/13,1.29899
5/1/13,1.30423
4/30/13,1.31522
4/29/13,1.30787
4/26/13,1.30757
4/25/13,1.31131
4/24/13,1.30646
4/23/13,1.31795
4/22/13,1.31668
4/19/13,1.30969
4/18/13,1.30274
4/17/13,1.30111
4/16/13,1.3016
4/15/13,1.29981
4/12/13,1.30662
4/11/13,1.3051
4/10/13,1.30497
4/9/13,1.30304
4/8/13,1.3177
4/5/13,1.30333
4/4/13,1.31113
4/3/13,1.31008
4/2/13,1.30699
4/1/13,1.30822
3/29/13,1.30082
3/28/13,1.29943
3/27/13,1.2936
3/26/13,1.28482
3/25/13,1.28187
3/22/13,1.28481
3/21/13,1.28184
3/20/13,1.28167
3/19/13,1.27802
3/18/13,1.28605
3/15/13,1.28524
3/14/13,1.29881
3/13/13,1.28989
3/12/13,1.29323
3/11/13,1.28806
3/8/13,1.29555
3/7/13,1.30743
3/6/13,1.30042
3/5/13,1.29605
3/4/13,1.30335
3/1/13,1.30456
2/28/13,1.30042
2/27/13,1.31064
2/26/13,1.29665
2/25/13,1.30512
2/22/13,1.30261
2/21/13,1.30178
2/20/13,1.30558
2/19/13,1.31375
2/18/13,1.30606
2/15/13,1.30617
2/14/13,1.31902
2/13/13,1.31887
2/12/13,1.328
2/11/13,1.3388
2/8/13,1.33509
2/7/13,1.33618
2/6/13,1.33629
2/5/13,1.34508
2/4/13,1.34534
2/1/13,1.3406
1/31/13,1.33662
1/30/13,1.33964
1/29/13,1.35213
1/28/13,1.35831
1/25/13,1.35129
1/24/13,1.36391
1/23/13,1.35776
1/22/13,1.35667
1/21/13,1.34913
1/18/13,1.34554
1/17/13,1.34587
1/16/13,1.33766
1/15/13,1.33174
1/14/13,1.33215
1/11/13,1.33123
1/10/13,1.3318
1/9/13,1.33736
1/8/13,1.32888
1/7/13,1.3305
1/4/13,1.33789
1/3/13,1.33424
1/2/13,1.32716
1/1/13,1.30639
12/31/12,1.30809
12/28/12,1.31157
12/27/12,1.30678
12/26/12,1.30484
12/25/12,1.31857
12/24/12,1.31954
12/21/12,1.31938
12/20/12,1.3214
12/19/12,1.32355
12/18/12,1.3224
12/17/12,1.31785
12/14/12,1.31861
12/13/12,1.31867
12/12/12,1.32439
12/11/12,1.32269
12/10/12,1.32282
12/7/12,1.31635
12/6/12,1.31626
12/5/12,1.30771
12/4/12,1.30737
12/3/12,1.3005
11/30/12,1.29403
11/29/12,1.29253
11/28/12,1.2967
11/27/12,1.30673
11/26/12,1.30939
11/23/12,1.30528
11/22/12,1.29854
11/21/12,1.2986
11/20/12,1.29787
11/19/12,1.29521
11/16/12,1.29422
11/15/12,1.29716
11/14/12,1.29736
11/13/12,1.28848
11/12/12,1.28289
11/9/12,1.28166
11/8/12,1.28129
11/7/12,1.27428
11/6/12,1.27805
11/5/12,1.27348
11/2/12,1.27039
11/1/12,1.27091
10/31/12,1.27109
10/30/12,1.27468
10/29/12,1.27708
10/26/12,1.28137
10/25/12,1.27957
10/24/12,1.28349
10/23/12,1.29422
10/22/12,1.29597
10/19/12,1.29594
10/18/12,1.29032
10/17/12,1.29403
10/16/12,1.29333
10/15/12,1.29726
10/12/12,1.29863
10/11/12,1.30594
10/10/12,1.30188
10/9/12,1.30663
10/8/12,1.31185
10/5/12,1.30531
10/4/12,1.29484
10/3/12,1.29522
10/2/12,1.29269
10/1/12,1.28748
9/28/12,1.2885
9/27/12,1.29675
9/26/12,1.30344
9/25/12,1.30174
9/24/12,1.29049
9/21/12,1.29191
9/20/12,1.28877
9/19/12,1.28591
9/18/12,1.29132
9/17/12,1.28728
9/14/12,1.28995
9/13/12,1.29301
9/12/12,1.29792
9/11/12,1.29683
9/10/12,1.30482
9/7/12,1.30474
9/6/12,1.31167
9/5/12,1.31299
9/4/12,1.29884
9/3/12,1.28989
8/31/12,1.28543
8/30/12,1.27575
8/29/12,1.28152
8/28/12,1.26301
8/27/12,1.25996
8/24/12,1.25651
8/23/12,1.25919
8/22/12,1.25758
8/21/12,1.25738
8/20/12,1.2506
8/17/12,1.25298
8/16/12,1.25642
8/15/12,1.24985
8/14/12,1.25107
8/13/12,1.25629
8/10/12,1.25285
8/9/12,1.24718
8/8/12,1.23453
8/7/12,1.23308
8/6/12,1.2355
8/3/12,1.22895
8/2/12,1.2321
8/1/12,1.23313
7/31/12,1.22894
7/30/12,1.23053
7/27/12,1.23646
7/26/12,1.2398
7/25/12,1.23993
7/24/12,1.23852
7/23/12,1.21794
7/20/12,1.22242
7/19/12,1.23024
7/18/12,1.226
7/17/12,1.23182
7/16/12,1.22817
7/13/12,1.21574
7/12/12,1.2059
7/11/12,1.21158
7/10/12,1.21563
7/9/12,1.228
7/6/12,1.22829
7/5/12,1.22936
7/4/12,1.22719
7/3/12,1.22483
7/2/12,1.22025
6/29/12,1.22379
6/28/12,1.22491
6/27/12,1.23119
6/26/12,1.2285
6/25/12,1.23904
6/22/12,1.25261
6/21/12,1.26067
6/20/12,1.25748
6/19/12,1.26627
6/18/12,1.2443
6/15/12,1.24688
6/14/12,1.2492
6/13/12,1.2503
6/12/12,1.25669
6/11/12,1.25396
6/8/12,1.27068
6/7/12,1.26846
6/6/12,1.2576
6/5/12,1.26381
6/4/12,1.26316
6/1/12,1.25566
5/31/12,1.2503
5/30/12,1.24825
5/29/12,1.25159
5/28/12,1.25599
5/25/12,1.25811
5/24/12,1.24517
5/23/12,1.24993
5/22/12,1.24328
5/21/12,1.23648
5/18/12,1.23659
5/17/12,1.25016
5/16/12,1.25403
5/15/12,1.25151
5/14/12,1.25317
5/11/12,1.25816
5/10/12,1.2683
5/9/12,1.28169
5/8/12,1.27826
5/7/12,1.26972
5/4/12,1.27153
5/3/12,1.27285
5/2/12,1.28228
5/1/12,1.29153
4/30/12,1.29351
4/27/12,1.29279
4/26/12,1.30049
4/25/12,1.305
4/24/12,1.30824
4/23/12,1.31499
4/20/12,1.31578
4/19/12,1.32362
4/18/12,1.32384
4/17/12,1.32535
4/16/12,1.32209
4/13/12,1.32162
4/12/12,1.31958
4/11/12,1.31559
4/10/12,1.32159
4/9/12,1.31367
4/6/12,1.31223
4/5/12,1.31259
4/4/12,1.31412
4/3/12,1.30755
4/2/12,1.31867
3/30/12,1.31086
3/29/12,1.30809
3/28/12,1.31051
3/27/12,1.30964
3/26/12,1.30647
3/23/12,1.31414
3/22/12,1.32325
3/21/12,1.33197
3/20/12,1.33376
3/19/12,1.33405
3/16/12,1.33014
3/15/12,1.33162
3/14/12,1.33149
3/13/12,1.33569
3/12/12,1.32684
3/9/12,1.31999
3/8/12,1.32151
3/7/12,1.32252
3/6/12,1.32375
3/5/12,1.31732
3/2/12,1.30795
3/1/12,1.30318
2/29/12,1.30837
2/28/12,1.31549
2/27/12,1.31227
2/24/12,1.32741
2/23/12,1.31491
2/22/12,1.31116
2/21/12,1.32162
2/20/12,1.32003
2/17/12,1.33112
2/16/12,1.33238
2/15/12,1.34606
2/14/12,1.33966
2/13/12,1.34461
2/10/12,1.33707
2/9/12,1.32493
2/8/12,1.32329
2/7/12,1.32416
2/6/12,1.31425
2/3/12,1.31298
2/2/12,1.30652
2/1/12,1.31303
1/31/12,1.3186
1/30/12,1.31961
1/27/12,1.32853
1/26/12,1.32597
1/25/12,1.32601
1/24/12,1.31296
1/23/12,1.31563
1/20/12,1.31433
1/19/12,1.31602
1/18/12,1.30831
1/17/12,1.31429
1/16/12,1.32158
1/13/12,1.3108
1/12/12,1.31057
1/11/12,1.30353
1/10/12,1.30122
1/9/12,1.29308
1/6/12,1.29681
1/5/12,1.28627
1/4/12,1.2736
1/3/12,1.26664
1/2/12,1.26772
12/30/11,1.28144
12/29/11,1.27062
12/28/11,1.27771
12/27/11,1.27647
12/26/11,1.27186
12/23/11,1.27879
12/22/11,1.29425
12/21/11,1.30491
12/20/11,1.29335
12/19/11,1.29484
12/16/11,1.29578
12/15/11,1.29607
12/14/11,1.29404
12/13/11,1.30707
12/12/11,1.30601
12/9/11,1.30477
12/8/11,1.30496
12/7/11,1.3047
12/6/11,1.30819
12/5/11,1.29972
12/2/11,1.30443
12/1/11,1.30155
11/30/11,1.29821
11/29/11,1.30363
11/28/11,1.31876
11/25/11,1.33848
11/24/11,1.33413
11/23/11,1.34116
11/22/11,1.34007
11/21/11,1.34005
11/18/11,1.33915
11/17/11,1.34611
11/16/11,1.34456
11/15/11,1.33149
11/14/11,1.33191
11/11/11,1.32349
11/10/11,1.33458
11/9/11,1.33412
11/8/11,1.35045
11/7/11,1.34891
11/4/11,1.35238
11/3/11,1.34577
11/2/11,1.3463
11/1/11,1.3539
10/31/11,1.36321
10/28/11,1.3747
10/27/11,1.36094
10/26/11,1.35416
10/25/11,1.38327
10/24/11,1.37749
10/21/11,1.37897
10/20/11,1.38221
10/19/11,1.37467
10/18/11,1.37016
10/17/11,1.38575
10/14/11,1.41449
10/13/11,1.41875
10/12/11,1.3906
10/11/11,1.39066
10/10/11,1.39282
10/7/11,1.38944
10/6/11,1.37798
10/5/11,1.37602
10/4/11,1.37513
10/3/11,1.37371
9/30/11,1.38808
9/29/11,1.37765
9/28/11,1.37907
9/27/11,1.36388
9/26/11,1.36419
9/23/11,1.33775
9/22/11,1.34367
9/21/11,1.3347
9/20/11,1.33504
9/19/11,1.31745
9/16/11,1.33833
9/15/11,1.33849
9/14/11,1.35963
9/13/11,1.35419
9/12/11,1.35846
9/9/11,1.35327
9/8/11,1.34978
9/7/11,1.34616
9/6/11,1.35715
9/5/11,1.36993
9/2/11,1.36856
9/1/11,1.37987
8/31/11,1.38764
8/30/11,1.37539
8/29/11,1.36776
8/26/11,1.36777
8/25/11,1.36532
8/24/11,1.38817
8/23/11,1.4097
8/22/11,1.3997
8/19/11,1.4097
8/18/11,1.42046
8/17/11,1.4259
8/16/11,1.43712
8/15/11,1.44408
8/12/11,1.451
8/11/11,1.44985
8/10/11,1.43779
8/9/11,1.44135
8/8/11,1.44407
8/5/11,1.43582
8/4/11,1.43961
8/3/11,1.4332
8/2/11,1.44249
8/1/11,1.44064
7/29/11,1.44439
7/28/11,1.42485
7/27/11,1.42394
7/26/11,1.41764
7/25/11,1.43747
7/22/11,1.41763
7/21/11,1.42763
7/20/11,1.40893
7/19/11,1.43217
7/18/11,1.42017
7/15/11,1.42494
7/14/11,1.43962
7/13/11,1.43307
7/12/11,1.43682
7/11/11,1.45094
7/8/11,1.43772
7/7/11,1.43564
7/6/11,1.44234
7/5/11,1.42151
7/4/11,1.41518
7/1/11,1.41118
6/30/11,1.41542
6/29/11,1.41416
6/28/11,1.416
6/27/11,1.39749
6/24/11,1.40298
6/23/11,1.42634
6/22/11,1.43619
6/21/11,1.4317
6/20/11,1.44279
6/17/11,1.45388
6/16/11,1.45254
6/15/11,1.45014
6/14/11,1.44339
6/13/11,1.43702
6/10/11,1.42856
6/9/11,1.41888
6/8/11,1.42549
6/7/11,1.43542
6/6/11,1.4409
6/3/11,1.43028
6/2/11,1.43063
6/1/11,1.42077
5/31/11,1.41776
5/30/11,1.44397
5/27/11,1.4412
5/26/11,1.43468
5/25/11,1.45087
5/24/11,1.45816
5/23/11,1.46908
5/20/11,1.45749
5/19/11,1.46348
5/18/11,1.44888
5/17/11,1.43272
5/16/11,1.43954
5/13/11,1.42806
5/12/11,1.43163
5/11/11,1.41432
5/10/11,1.4087
5/9/11,1.4099
5/6/11,1.4047
5/5/11,1.41561
5/4/11,1.43088
5/3/11,1.42488
5/2/11,1.4236
4/29/11,1.41552
4/28/11,1.41163
4/27/11,1.42441
4/26/11,1.41914
4/25/11,1.44087
4/22/11,1.43648